--Personas
INSERT INTO persona (id, nombre, ci, apellido_paterno, apellido_materno, fecha_nacimiento) VALUES (1, 'Anna', '9129996', 'Verdugo', 'Menendez', '1965-03-31');
INSERT INTO persona (id, nombre, ci, apellido_paterno, apellido_materno, fecha_nacimiento) VALUES (2, 'Lorenza', '5279446', 'Agullo', 'Jordá', '1993-12-15');
INSERT INTO persona (id, nombre, ci, apellido_paterno, apellido_materno, fecha_nacimiento) VALUES (3, 'Hugo', '931431', 'Francisco', 'Aparicio', '1976-04-26');
INSERT INTO persona (id, nombre, ci, apellido_paterno, apellido_materno, fecha_nacimiento) VALUES (4, 'María Pilar', '9025633', 'Arcos', 'Ballesteros', '1996-12-20');
INSERT INTO persona (id, nombre, ci, apellido_paterno, apellido_materno, fecha_nacimiento) VALUES (5, 'Desiderio', '9869951', 'Borrás', 'Varela', '1965-06-21');
INSERT INTO persona (id, nombre, ci, apellido_paterno, apellido_materno, fecha_nacimiento) VALUES (6, 'Bárbara', '662594', 'Gelabert', 'Álvaro', '1967-11-05');
INSERT INTO persona (id, nombre, ci, apellido_paterno, apellido_materno, fecha_nacimiento) VALUES (7, 'Duilio', '8811462', 'Cornejo', 'Bermejo', '1979-05-14');
INSERT INTO persona (id, nombre, ci, apellido_paterno, apellido_materno, fecha_nacimiento) VALUES (8, 'Cecilia', '3942609', 'Zaragoza', 'Marín', '1965-01-28');
INSERT INTO persona (id, nombre, ci, apellido_paterno, apellido_materno, fecha_nacimiento) VALUES (9, 'Ernesto', '3240029', 'Saura', 'Juárez', '1980-12-20');
INSERT INTO persona (id, nombre, ci, apellido_paterno, apellido_materno, fecha_nacimiento) VALUES (10, 'Felicidad', '3932255', 'Román', 'Vicente', '2005-06-26');
INSERT INTO persona (id, nombre, ci, apellido_paterno, apellido_materno, fecha_nacimiento) VALUES (11, 'Roberta', '3904227', 'Calzada', 'Lledó', '1973-02-07');
INSERT INTO persona (id, nombre, ci, apellido_paterno, apellido_materno, fecha_nacimiento) VALUES (12, 'María', '415893', 'Montalbán', 'Jover', '1959-10-03');
INSERT INTO persona (id, nombre, ci, apellido_paterno, apellido_materno, fecha_nacimiento) VALUES (13, 'Quique', '4942292', 'Carballo', 'Tomas', '1961-07-15');
INSERT INTO persona (id, nombre, ci, apellido_paterno, apellido_materno, fecha_nacimiento) VALUES (14, 'Dionisia', '5377526', 'Tur', 'Estrada', '1988-01-15');
INSERT INTO persona (id, nombre, ci, apellido_paterno, apellido_materno, fecha_nacimiento) VALUES (15, 'Teresa', '6102728', 'Jara', 'Alfaro', '2005-05-04');
INSERT INTO persona (id, nombre, ci, apellido_paterno, apellido_materno, fecha_nacimiento) VALUES (16, 'Fidela', '742864', 'Otero', 'Bermudez', '1980-05-17');
INSERT INTO persona (id, nombre, ci, apellido_paterno, apellido_materno, fecha_nacimiento) VALUES (17, 'Mirta', '511659', 'Albero', 'Domingo', '2003-07-15');
INSERT INTO persona (id, nombre, ci, apellido_paterno, apellido_materno, fecha_nacimiento) VALUES (18, 'Calixto', '3243941', 'Prada', 'Hernández', '1999-02-18');
INSERT INTO persona (id, nombre, ci, apellido_paterno, apellido_materno, fecha_nacimiento) VALUES (19, 'Adoración', '8269767', 'Abellán', 'Grau', '2003-04-14');
INSERT INTO persona (id, nombre, ci, apellido_paterno, apellido_materno, fecha_nacimiento) VALUES (20, 'Florencio', '5497380', 'Solera', 'Viñas', '1999-04-13');
INSERT INTO persona (id, nombre, ci, apellido_paterno, apellido_materno, fecha_nacimiento) VALUES (21, 'Herminia', '529435', 'Iglesia', 'Miranda', '1982-08-30');
INSERT INTO persona (id, nombre, ci, apellido_paterno, apellido_materno, fecha_nacimiento) VALUES (22, 'Carmelita', '5282184', 'Barbero', 'Barrios', '1981-01-04');
INSERT INTO persona (id, nombre, ci, apellido_paterno, apellido_materno, fecha_nacimiento) VALUES (23, 'Miriam', '2444070', 'Gibert', 'Maza', '1995-08-07');
INSERT INTO persona (id, nombre, ci, apellido_paterno, apellido_materno, fecha_nacimiento) VALUES (24, 'Manu', '6845271', 'Ugarte', 'Barrio', '2005-11-14');
INSERT INTO persona (id, nombre, ci, apellido_paterno, apellido_materno, fecha_nacimiento) VALUES (25, 'Leocadio', '1610172', 'Guitart', 'Coca', '1991-04-06');
INSERT INTO persona (id, nombre, ci, apellido_paterno, apellido_materno, fecha_nacimiento) VALUES (26, 'Alcides', '2116004', 'Olmo', 'Gómez', '1999-08-04');
INSERT INTO persona (id, nombre, ci, apellido_paterno, apellido_materno, fecha_nacimiento) VALUES (27, 'Cándida', '8915410', 'Zamora', 'Angulo', '1999-04-20');
INSERT INTO persona (id, nombre, ci, apellido_paterno, apellido_materno, fecha_nacimiento) VALUES (28, 'Celestino', '2695583', 'Cifuentes', 'Hernando', '1996-12-02');
INSERT INTO persona (id, nombre, ci, apellido_paterno, apellido_materno, fecha_nacimiento) VALUES (29, 'Jose Antonio', '4946882', 'Juliá', 'Santiago', '1988-09-03');
INSERT INTO persona (id, nombre, ci, apellido_paterno, apellido_materno, fecha_nacimiento) VALUES (30, 'Calista', '918068', 'Franch', 'Escrivá', '2003-06-06');
INSERT INTO persona (id, nombre, ci, apellido_paterno, apellido_materno, fecha_nacimiento) VALUES (31, 'Salomé', '875814', 'Barros', 'Mármol', '1989-02-18');
INSERT INTO persona (id, nombre, ci, apellido_paterno, apellido_materno, fecha_nacimiento) VALUES (32, 'Pancho', '5655800', 'Ponce', 'Ledesma', '1981-04-15');
INSERT INTO persona (id, nombre, ci, apellido_paterno, apellido_materno, fecha_nacimiento) VALUES (33, 'Jordán', '6904055', 'Alfaro', 'Fernandez', '1994-03-05');
INSERT INTO persona (id, nombre, ci, apellido_paterno, apellido_materno, fecha_nacimiento) VALUES (34, 'Clara', '1656277', 'Chaves', 'Jordán', '2002-10-28');
INSERT INTO persona (id, nombre, ci, apellido_paterno, apellido_materno, fecha_nacimiento) VALUES (35, 'Raquel', '422705', 'Noriega', 'Alsina', '1974-05-29');
INSERT INTO persona (id, nombre, ci, apellido_paterno, apellido_materno, fecha_nacimiento) VALUES (36, 'Eligio', '3929185', 'Morales', 'Torre', '1978-10-26');
INSERT INTO persona (id, nombre, ci, apellido_paterno, apellido_materno, fecha_nacimiento) VALUES (37, 'Octavia', '9626672', 'Aguiló', 'Fortuny', '1964-02-19');
INSERT INTO persona (id, nombre, ci, apellido_paterno, apellido_materno, fecha_nacimiento) VALUES (38, 'Paco', '4102029', 'Millán', 'Menéndez', '2001-07-06');
INSERT INTO persona (id, nombre, ci, apellido_paterno, apellido_materno, fecha_nacimiento) VALUES (39, 'César', '481934', 'Milla', 'Pinedo', '1979-10-03');
INSERT INTO persona (id, nombre, ci, apellido_paterno, apellido_materno, fecha_nacimiento) VALUES (40, 'Lola', '5760166', 'Goñi', 'Pizarro', '1998-10-07');
INSERT INTO persona (id, nombre, ci, apellido_paterno, apellido_materno, fecha_nacimiento) VALUES (41, 'Luciana', '3655611', 'Villaverde', 'Abascal', '2005-08-20');
INSERT INTO persona (id, nombre, ci, apellido_paterno, apellido_materno, fecha_nacimiento) VALUES (42, 'Gervasio', '1898409', 'Vall', 'Balaguer', '1975-09-18');
INSERT INTO persona (id, nombre, ci, apellido_paterno, apellido_materno, fecha_nacimiento) VALUES (43, 'Cintia', '3191679', 'Mateo', 'Cerdán', '1964-06-06');
INSERT INTO persona (id, nombre, ci, apellido_paterno, apellido_materno, fecha_nacimiento) VALUES (44, 'Fabio', '4286595', 'Barba', 'Serna', '1972-09-14');
INSERT INTO persona (id, nombre, ci, apellido_paterno, apellido_materno, fecha_nacimiento) VALUES (45, 'Maricruz', '6262627', 'Badía', 'Tormo', '1980-04-24');
INSERT INTO persona (id, nombre, ci, apellido_paterno, apellido_materno, fecha_nacimiento) VALUES (46, 'Constanza', '6297496', 'Rubio', 'Arteaga', '1997-06-10');
INSERT INTO persona (id, nombre, ci, apellido_paterno, apellido_materno, fecha_nacimiento) VALUES (47, 'Adora', '2555707', 'Torrecilla', 'Robles', '1965-12-20');
INSERT INTO persona (id, nombre, ci, apellido_paterno, apellido_materno, fecha_nacimiento) VALUES (48, 'Aurelio', '375716', 'Mancebo', 'Lago', '1997-02-28');
INSERT INTO persona (id, nombre, ci, apellido_paterno, apellido_materno, fecha_nacimiento) VALUES (49, 'Pía', '5336096', 'Bosch', 'Casals', '1978-05-06');
INSERT INTO persona (id, nombre, ci, apellido_paterno, apellido_materno, fecha_nacimiento) VALUES (50, 'Florencio', '2825180', 'Ripoll', 'Botella', '1975-10-13');
INSERT INTO persona (id, nombre, ci, apellido_paterno, apellido_materno, fecha_nacimiento) VALUES (51, 'Ramón', '2733682', 'Vaquero', 'Madrigal', '1968-01-17');
INSERT INTO persona (id, nombre, ci, apellido_paterno, apellido_materno, fecha_nacimiento) VALUES (52, 'Edu', '8382798', 'Oller', 'Nebot', '1964-09-13');
INSERT INTO persona (id, nombre, ci, apellido_paterno, apellido_materno, fecha_nacimiento) VALUES (53, 'Guillermo', '9245332', 'Cerdá', 'Uriarte', '2000-01-27');
INSERT INTO persona (id, nombre, ci, apellido_paterno, apellido_materno, fecha_nacimiento) VALUES (54, 'Modesta', '781981', 'Camino', 'Solano', '1974-05-24');
INSERT INTO persona (id, nombre, ci, apellido_paterno, apellido_materno, fecha_nacimiento) VALUES (55, 'Santiago', '3134258', 'Español', 'Cases', '1972-04-17');
INSERT INTO persona (id, nombre, ci, apellido_paterno, apellido_materno, fecha_nacimiento) VALUES (56, 'Mariana', '7911090', 'Flor', 'Bru', '1997-11-30');
INSERT INTO persona (id, nombre, ci, apellido_paterno, apellido_materno, fecha_nacimiento) VALUES (57, 'Belén', '1649173', 'Moll', 'Font', '1973-01-26');
INSERT INTO persona (id, nombre, ci, apellido_paterno, apellido_materno, fecha_nacimiento) VALUES (58, 'Rosalinda', '7426642', 'Duran', 'Barragán', '1997-07-14');
INSERT INTO persona (id, nombre, ci, apellido_paterno, apellido_materno, fecha_nacimiento) VALUES (59, 'Ariel', '8277838', 'Cueto', 'Planas', '1969-09-09');
INSERT INTO persona (id, nombre, ci, apellido_paterno, apellido_materno, fecha_nacimiento) VALUES (60, 'Jose Angel', '8252823', 'Morera', 'Lillo', '2002-11-07');
INSERT INTO persona (id, nombre, ci, apellido_paterno, apellido_materno, fecha_nacimiento) VALUES (61, 'Tomás', '5653679', 'Barrera', 'Urrutia', '2006-02-03');
INSERT INTO persona (id, nombre, ci, apellido_paterno, apellido_materno, fecha_nacimiento) VALUES (62, 'Venceslás', '2108319', 'Vilaplana', 'España', '2005-02-06');
INSERT INTO persona (id, nombre, ci, apellido_paterno, apellido_materno, fecha_nacimiento) VALUES (63, 'Adelaida', '9621737', 'Iriarte', 'Atienza', '1990-04-29');
INSERT INTO persona (id, nombre, ci, apellido_paterno, apellido_materno, fecha_nacimiento) VALUES (64, 'Vicenta', '5723950', 'Orozco', 'Castillo', '1979-01-27');
INSERT INTO persona (id, nombre, ci, apellido_paterno, apellido_materno, fecha_nacimiento) VALUES (65, 'Eloy', '3115735', 'Niño', 'Sotelo', '1998-02-22');
INSERT INTO persona (id, nombre, ci, apellido_paterno, apellido_materno, fecha_nacimiento) VALUES (66, 'Rosalía', '2799900', 'Bautista', 'Colomer', '1982-02-07');
INSERT INTO persona (id, nombre, ci, apellido_paterno, apellido_materno, fecha_nacimiento) VALUES (67, 'Hermenegildo', '449723', 'Peñalver', 'Belda', '1969-10-22');
INSERT INTO persona (id, nombre, ci, apellido_paterno, apellido_materno, fecha_nacimiento) VALUES (68, 'Raúl', '7718163', 'Téllez', 'Bru', '2006-01-28');
INSERT INTO persona (id, nombre, ci, apellido_paterno, apellido_materno, fecha_nacimiento) VALUES (69, 'Pepito', '5173223', 'Echeverría', 'Ayuso', '1984-06-30');
INSERT INTO persona (id, nombre, ci, apellido_paterno, apellido_materno, fecha_nacimiento) VALUES (70, 'Severo', '2497122', 'Roman', 'Diez', '1981-01-21');
INSERT INTO persona (id, nombre, ci, apellido_paterno, apellido_materno, fecha_nacimiento) VALUES (71, 'Rita', '3800473', 'Montes', 'Casanova', '2007-03-07');
INSERT INTO persona (id, nombre, ci, apellido_paterno, apellido_materno, fecha_nacimiento) VALUES (72, 'Trini', '2972106', 'Zapata', 'Bilbao', '1960-02-04');
INSERT INTO persona (id, nombre, ci, apellido_paterno, apellido_materno, fecha_nacimiento) VALUES (73, 'Fortunata', '8854482', 'Bellido', 'Hoz', '1982-03-03');
INSERT INTO persona (id, nombre, ci, apellido_paterno, apellido_materno, fecha_nacimiento) VALUES (74, 'Adalberto', '5706650', 'Sans', 'Redondo', '1978-11-26');
INSERT INTO persona (id, nombre, ci, apellido_paterno, apellido_materno, fecha_nacimiento) VALUES (75, 'Eric', '8732040', 'Mendez', 'Antón', '1963-08-09');
INSERT INTO persona (id, nombre, ci, apellido_paterno, apellido_materno, fecha_nacimiento) VALUES (76, 'Isa', '493834', 'Mercader', 'Niño', '1984-12-14');
INSERT INTO persona (id, nombre, ci, apellido_paterno, apellido_materno, fecha_nacimiento) VALUES (77, 'Iker', '8166140', 'Font', 'Campillo', '1969-03-18');
INSERT INTO persona (id, nombre, ci, apellido_paterno, apellido_materno, fecha_nacimiento) VALUES (78, 'Íngrid', '8399934', 'Figueras', 'Ibarra', '2000-05-08');
INSERT INTO persona (id, nombre, ci, apellido_paterno, apellido_materno, fecha_nacimiento) VALUES (79, 'Domingo', '1248240', 'Hoyos', 'Ochoa', '1979-08-15');
INSERT INTO persona (id, nombre, ci, apellido_paterno, apellido_materno, fecha_nacimiento) VALUES (80, 'Dora', '5830422', 'Lucena', 'Alvarez', '1967-02-03');
INSERT INTO persona (id, nombre, ci, apellido_paterno, apellido_materno, fecha_nacimiento) VALUES (81, 'Agustín', '9333176', 'Riba', 'Amor', '1993-01-30');
INSERT INTO persona (id, nombre, ci, apellido_paterno, apellido_materno, fecha_nacimiento) VALUES (82, 'Remedios', '4826864', 'Grande', 'Céspedes', '1978-06-28');
INSERT INTO persona (id, nombre, ci, apellido_paterno, apellido_materno, fecha_nacimiento) VALUES (83, 'Eugenia', '6574188', 'Castell', 'Rosa', '1979-03-04');
INSERT INTO persona (id, nombre, ci, apellido_paterno, apellido_materno, fecha_nacimiento) VALUES (84, 'Manolo', '6569768', 'Mendizábal', 'Manzanares', '1959-08-17');
INSERT INTO persona (id, nombre, ci, apellido_paterno, apellido_materno, fecha_nacimiento) VALUES (85, 'Humberto', '749911', 'Bellido', 'Casas', '1962-02-20');
INSERT INTO persona (id, nombre, ci, apellido_paterno, apellido_materno, fecha_nacimiento) VALUES (86, 'Ildefonso', '9388643', 'Gras', 'Grau', '1987-11-13');
INSERT INTO persona (id, nombre, ci, apellido_paterno, apellido_materno, fecha_nacimiento) VALUES (87, 'Teófila', '1184056', 'Martin', 'Vilar', '1980-09-14');
INSERT INTO persona (id, nombre, ci, apellido_paterno, apellido_materno, fecha_nacimiento) VALUES (88, 'Azucena', '7133032', 'Machado', 'Molins', '2002-06-22');
INSERT INTO persona (id, nombre, ci, apellido_paterno, apellido_materno, fecha_nacimiento) VALUES (89, 'Javier', '8854003', 'Plaza', 'Cabeza', '1989-02-15');
INSERT INTO persona (id, nombre, ci, apellido_paterno, apellido_materno, fecha_nacimiento) VALUES (90, 'Ignacio', '6150570', 'Noguera', 'Verdugo', '1993-02-04');
INSERT INTO persona (id, nombre, ci, apellido_paterno, apellido_materno, fecha_nacimiento) VALUES (91, 'Saturnina', '1754293', 'Osorio', 'Vara', '1973-12-12');
INSERT INTO persona (id, nombre, ci, apellido_paterno, apellido_materno, fecha_nacimiento) VALUES (92, 'Urbano', '9352945', 'Sans', 'Recio', '1986-02-24');
INSERT INTO persona (id, nombre, ci, apellido_paterno, apellido_materno, fecha_nacimiento) VALUES (93, 'Tatiana', '1434535', 'Abella', 'Posada', '1978-01-16');
INSERT INTO persona (id, nombre, ci, apellido_paterno, apellido_materno, fecha_nacimiento) VALUES (94, 'Constanza', '6040323', 'Palmer', 'Gomis', '2003-11-25');
INSERT INTO persona (id, nombre, ci, apellido_paterno, apellido_materno, fecha_nacimiento) VALUES (95, 'Faustino', '5430327', 'Llorens', 'Montes', '1961-05-28');
INSERT INTO persona (id, nombre, ci, apellido_paterno, apellido_materno, fecha_nacimiento) VALUES (96, 'Haydée', '8127752', 'Vazquez', 'Vendrell', '2000-05-10');
INSERT INTO persona (id, nombre, ci, apellido_paterno, apellido_materno, fecha_nacimiento) VALUES (97, 'Eutropio', '3375288', 'Vila', 'Redondo', '1988-07-13');
INSERT INTO persona (id, nombre, ci, apellido_paterno, apellido_materno, fecha_nacimiento) VALUES (98, 'Ángela', '4450528', 'Boix', 'Tolosa', '1998-02-10');
INSERT INTO persona (id, nombre, ci, apellido_paterno, apellido_materno, fecha_nacimiento) VALUES (99, 'Florentina', '3977102', 'Peralta', 'Boix', '1983-01-19');
INSERT INTO persona (id, nombre, ci, apellido_paterno, apellido_materno, fecha_nacimiento) VALUES (100, 'Aarón', '6815841', 'Artigas', 'Manso', '2003-12-18');
INSERT INTO persona (id, nombre, ci, apellido_paterno, apellido_materno, fecha_nacimiento) VALUES (101, 'Carlos', '9876541', 'López', 'Gutiérrez', '1990-03-12');
INSERT INTO persona (id, nombre, ci, apellido_paterno, apellido_materno, fecha_nacimiento) VALUES (102, 'Ana', '9876542', 'Ramírez', 'Zeballos', '1992-07-25');
INSERT INTO persona (id, nombre, ci, apellido_paterno, apellido_materno, fecha_nacimiento) VALUES (103, 'Luis', '9876543', 'Fernández', 'Morales', '1989-11-03');
INSERT INTO persona (id, nombre, ci, apellido_paterno, apellido_materno, fecha_nacimiento) VALUES (104, 'María', '9876544', 'Gonzales', 'Torrez', '1995-06-14');
INSERT INTO persona (id, nombre, ci, apellido_paterno, apellido_materno, fecha_nacimiento) VALUES (105, 'Jorge', '9876545', 'Rojas', 'Mendoza', '1991-01-28');
INSERT INTO persona (id, nombre, ci, apellido_paterno, apellido_materno, fecha_nacimiento) VALUES (106, 'Elena', '9876546', 'Salazar', 'Quispe', '1993-09-08');
INSERT INTO persona (id, nombre, ci, apellido_paterno, apellido_materno, fecha_nacimiento) VALUES (107, 'Hugo', '9876547', 'Vargas', 'Lima', '1988-12-20');
INSERT INTO persona (id, nombre, ci, apellido_paterno, apellido_materno, fecha_nacimiento) VALUES (108, 'Lucía', '9876548', 'Aguilar', 'Medina', '1994-04-02');
INSERT INTO persona (id, nombre, ci, apellido_paterno, apellido_materno, fecha_nacimiento) VALUES (109, 'Mario', '9876549', 'Flores', 'Condori', '1996-10-11');
INSERT INTO persona (id, nombre, ci, apellido_paterno, apellido_materno, fecha_nacimiento) VALUES (110, 'Claudia', '9876550', 'Sánchez', 'Chura', '1990-05-19');
INSERT INTO persona (id, nombre, ci, apellido_paterno, apellido_materno, fecha_nacimiento) VALUES (111, 'Daniel', '9876551', 'Castro', 'Nina', '1987-08-16');
INSERT INTO persona (id, nombre, ci, apellido_paterno, apellido_materno, fecha_nacimiento) VALUES (112, 'Patricia', '9876552', 'Ortega', 'Ramos', '1992-02-22');
INSERT INTO persona (id, nombre, ci, apellido_paterno, apellido_materno, fecha_nacimiento) VALUES (113, 'Fernando', '9876553', 'Quiroga', 'Loza', '1993-07-30');
INSERT INTO persona (id, nombre, ci, apellido_paterno, apellido_materno, fecha_nacimiento) VALUES (114, 'Gabriela', '9876554', 'Dávila', 'Rivera', '1991-03-05');
INSERT INTO persona (id, nombre, ci, apellido_paterno, apellido_materno, fecha_nacimiento) VALUES (115, 'Ramiro', '9876555', 'Paredes', 'Callisaya', '1989-06-09');
INSERT INTO persona (id, nombre, ci, apellido_paterno, apellido_materno, fecha_nacimiento) VALUES (116, 'Natalia', '9876556', 'Camacho', 'Huanca', '1994-12-27');
INSERT INTO persona (id, nombre, ci, apellido_paterno, apellido_materno, fecha_nacimiento) VALUES (117, 'Oscar', '9876557', 'Villegas', 'Choque', '1990-01-11');
INSERT INTO persona (id, nombre, ci, apellido_paterno, apellido_materno, fecha_nacimiento) VALUES (118, 'Vanessa', '9876558', 'Arce', 'Valencia', '1995-11-06');
INSERT INTO persona (id, nombre, ci, apellido_paterno, apellido_materno, fecha_nacimiento) VALUES (119, 'Raúl', '9876559', 'Delgado', 'Ortiz', '1992-08-17');
INSERT INTO persona (id, nombre, ci, apellido_paterno, apellido_materno, fecha_nacimiento) VALUES (120, 'Karina', '9876560', 'Peña', 'Velasco', '1996-09-29');
INSERT INTO persona (id, nombre, ci, apellido_paterno, apellido_materno, fecha_nacimiento) VALUES (121, 'Diego', '88866121', 'Rivera', 'Lozano', '1986-09-20');
INSERT INTO persona (id, nombre, ci, apellido_paterno, apellido_materno, fecha_nacimiento) VALUES (122, 'Andrea', '88866122', 'Vargas', 'Zárate', '1995-01-27');
INSERT INTO persona (id, nombre, ci, apellido_paterno, apellido_materno, fecha_nacimiento) VALUES (123, 'Bruno', '88866123', 'Condori', 'Condori', '1996-02-03');
INSERT INTO persona (id, nombre, ci, apellido_paterno, apellido_materno, fecha_nacimiento) VALUES (124, 'Carla', '88866124', 'Arce', 'Rivera', '1992-04-16');
INSERT INTO persona (id, nombre, ci, apellido_paterno, apellido_materno, fecha_nacimiento) VALUES (125, 'Esteban', '88866125', 'Vargas', 'Molina', '1990-05-06');
INSERT INTO persona (id, nombre, ci, apellido_paterno, apellido_materno, fecha_nacimiento) VALUES (126, 'Valeria', '88866126', 'Serrano', 'Aguilar', '1996-03-27');
INSERT INTO persona (id, nombre, ci, apellido_paterno, apellido_materno, fecha_nacimiento) VALUES (127, 'Lucas', '88866127', 'Zárate', 'Condori', '1986-07-08');
INSERT INTO persona (id, nombre, ci, apellido_paterno, apellido_materno, fecha_nacimiento) VALUES (128, 'Sofía', '88866128', 'Ríos', 'Molina', '1989-11-30');
INSERT INTO persona (id, nombre, ci, apellido_paterno, apellido_materno, fecha_nacimiento) VALUES (129, 'Matías', '88866129', 'Quispe', 'Vargas', '2000-10-21');
INSERT INTO persona (id, nombre, ci, apellido_paterno, apellido_materno, fecha_nacimiento) VALUES (130, 'Diana', '88866130', 'Céspedes', 'Salazar', '1989-02-25');
INSERT INTO persona (id, nombre, ci, apellido_paterno, apellido_materno, fecha_nacimiento) VALUES (131, 'Javier', '88866131', 'Gómez', 'Torrez', '1985-04-06');
INSERT INTO persona (id, nombre, ci, apellido_paterno, apellido_materno, fecha_nacimiento) VALUES (132, 'Paola', '88866132', 'Lozano', 'Molina', '1999-09-09');
INSERT INTO persona (id, nombre, ci, apellido_paterno, apellido_materno, fecha_nacimiento) VALUES (133, 'Leonardo', '88866133', 'López', 'Vargas', '1985-03-07');
INSERT INTO persona (id, nombre, ci, apellido_paterno, apellido_materno, fecha_nacimiento) VALUES (134, 'Camila', '88866134', 'Céspedes', 'Serrano', '1997-01-02');
INSERT INTO persona (id, nombre, ci, apellido_paterno, apellido_materno, fecha_nacimiento) VALUES (135, 'Mauricio', '88866135', 'Chávez', 'Gómez', '1990-08-28');
INSERT INTO persona (id, nombre, ci, apellido_paterno, apellido_materno, fecha_nacimiento) VALUES (136, 'Verónica', '88866136', 'Molina', 'Ríos', '2000-03-12');
INSERT INTO persona (id, nombre, ci, apellido_paterno, apellido_materno, fecha_nacimiento) VALUES (137, 'Ricardo', '88866137', 'Serrano', 'Fernández', '1991-11-29');
INSERT INTO persona (id, nombre, ci, apellido_paterno, apellido_materno, fecha_nacimiento) VALUES (138, 'Florencia', '88866138', 'Fernández', 'Condori', '1985-05-12');
INSERT INTO persona (id, nombre, ci, apellido_paterno, apellido_materno, fecha_nacimiento) VALUES (139, 'Alfredo', '88866139', 'Ríos', 'Vargas', '2000-10-16');
INSERT INTO persona (id, nombre, ci, apellido_paterno, apellido_materno, fecha_nacimiento) VALUES (140, 'Selena', '88866140', 'Ríos', 'Arce', '1987-12-24');
INSERT INTO persona (id, nombre, ci, apellido_paterno, apellido_materno, fecha_nacimiento) VALUES (141, 'Iván', '88866141', 'Chávez', 'Zárate', '1998-04-17');
INSERT INTO persona (id, nombre, ci, apellido_paterno, apellido_materno, fecha_nacimiento) VALUES (142, 'Julia', '88866142', 'Rivera', 'Morales', '1997-06-20');
INSERT INTO persona (id, nombre, ci, apellido_paterno, apellido_materno, fecha_nacimiento) VALUES (143, 'Renato', '88866143', 'Alarcón', 'Rivera', '1993-06-18');
INSERT INTO persona (id, nombre, ci, apellido_paterno, apellido_materno, fecha_nacimiento) VALUES (144, 'Emilia', '88866144', 'Ríos', 'Zárate', '1992-01-25');
INSERT INTO persona (id, nombre, ci, apellido_paterno, apellido_materno, fecha_nacimiento) VALUES (145, 'Gustavo', '88866145', 'Gómez', 'Quispe', '1993-08-04');
INSERT INTO persona (id, nombre, ci, apellido_paterno, apellido_materno, fecha_nacimiento) VALUES (146, 'Mónica', '88866146', 'Gómez', 'Aguilar', '1990-05-07');
INSERT INTO persona (id, nombre, ci, apellido_paterno, apellido_materno, fecha_nacimiento) VALUES (147, 'Samuel', '88866147', 'Quispe', 'Quispe', '1993-03-15');
INSERT INTO persona (id, nombre, ci, apellido_paterno, apellido_materno, fecha_nacimiento) VALUES (148, 'Ariana', '88866148', 'Quispe', 'Salazar', '2000-04-08');
INSERT INTO persona (id, nombre, ci, apellido_paterno, apellido_materno, fecha_nacimiento) VALUES (149, 'Felipe', '88866149', 'Serrano', 'Molina', '1991-10-09');
INSERT INTO persona (id, nombre, ci, apellido_paterno, apellido_materno, fecha_nacimiento) VALUES (150, 'Romina', '88866150', 'Fernández', 'Zárate', '1999-11-04');
INSERT INTO persona (id, nombre, ci, apellido_paterno, apellido_materno, fecha_nacimiento) VALUES (151, 'Cristian', '88866151', 'Condori', 'Lozano', '1987-12-24');
INSERT INTO persona (id, nombre, ci, apellido_paterno, apellido_materno, fecha_nacimiento) VALUES (152, 'Daniela', '88866152', 'López', 'Serrano', '2000-05-30');
INSERT INTO persona (id, nombre, ci, apellido_paterno, apellido_materno, fecha_nacimiento) VALUES (153, 'Alex', '88866153', 'Salazar', 'Fernández', '1990-10-31');
INSERT INTO persona (id, nombre, ci, apellido_paterno, apellido_materno, fecha_nacimiento) VALUES (154, 'Fernanda', '88866154', 'Gómez', 'Arce', '1986-12-31');
INSERT INTO persona (id, nombre, ci, apellido_paterno, apellido_materno, fecha_nacimiento) VALUES (155, 'Oscar', '88866155', 'Ríos', 'Morales', '1992-12-28');
INSERT INTO persona (id, nombre, ci, apellido_paterno, apellido_materno, fecha_nacimiento) VALUES (156, 'Rebeca', '88866156', 'Céspedes', 'Condori', '1985-03-08');
INSERT INTO persona (id, nombre, ci, apellido_paterno, apellido_materno, fecha_nacimiento) VALUES (157, 'Rodolfo', '88866157', 'Molina', 'Céspedes', '1985-02-22');
INSERT INTO persona (id, nombre, ci, apellido_paterno, apellido_materno, fecha_nacimiento) VALUES (158, 'Estefanía', '88866158', 'Zárate', 'Rivera', '1996-05-26');
INSERT INTO persona (id, nombre, ci, apellido_paterno, apellido_materno, fecha_nacimiento) VALUES (159, 'Sandro', '88866159', 'Molina', 'Quispe', '1986-12-02');
INSERT INTO persona (id, nombre, ci, apellido_paterno, apellido_materno, fecha_nacimiento) VALUES (160, 'Tamara', '88866160', 'Condori', 'Molina', '1987-06-18');
INSERT INTO persona (id, nombre, ci, apellido_paterno, apellido_materno, fecha_nacimiento) VALUES (161, 'Guido', '88866161', 'Zárate', 'Salazar', '1999-05-28');
INSERT INTO persona (id, nombre, ci, apellido_paterno, apellido_materno, fecha_nacimiento) VALUES (162, 'Noelia', '88866162', 'Ríos', 'Quispe', '1998-08-06');
INSERT INTO persona (id, nombre, ci, apellido_paterno, apellido_materno, fecha_nacimiento) VALUES (163, 'Damián', '88866163', 'Serrano', 'Ríos', '1990-02-12');
INSERT INTO persona (id, nombre, ci, apellido_paterno, apellido_materno, fecha_nacimiento) VALUES (164, 'Yesenia', '88866164', 'Torrez', 'Ríos', '1985-09-23');
INSERT INTO persona (id, nombre, ci, apellido_paterno, apellido_materno, fecha_nacimiento) VALUES (165, 'Adrián', '88866165', 'Céspedes', 'Gómez', '1997-05-15');
INSERT INTO persona (id, nombre, ci, apellido_paterno, apellido_materno, fecha_nacimiento) VALUES (166, 'Bianca', '88866166', 'Molina', 'Fernández', '1994-12-28');
INSERT INTO persona (id, nombre, ci, apellido_paterno, apellido_materno, fecha_nacimiento) VALUES (167, 'Kevin', '88866167', 'Vargas', 'Rivera', '1994-08-13');
INSERT INTO persona (id, nombre, ci, apellido_paterno, apellido_materno, fecha_nacimiento) VALUES (168, 'Angela', '88866168', 'Fernández', 'Aguilar', '1990-09-03');
INSERT INTO persona (id, nombre, ci, apellido_paterno, apellido_materno, fecha_nacimiento) VALUES (169, 'Emanuel', '88866169', 'Aguilar', 'Gómez', '1987-01-01');
INSERT INTO persona (id, nombre, ci, apellido_paterno, apellido_materno, fecha_nacimiento) VALUES (170, 'Lourdes', '88866170', 'Quispe', 'López', '1986-12-27');
INSERT INTO persona (id, nombre, ci, apellido_paterno, apellido_materno, fecha_nacimiento) VALUES (171, 'Nicolás', '88866171', 'Ríos', 'Serrano', '1995-11-15');


-- Roles
INSERT INTO rol (id, nombre, descripcion) VALUES (1, 'Administrador', 'Gestiona el sistema');
INSERT INTO rol (id, nombre, descripcion) VALUES (2, 'Docente', 'Crea y gestiona cursos');
INSERT INTO rol (id, nombre, descripcion) VALUES (3, 'Estudiante', 'Participa en cursos');

-- Usuarios
INSERT INTO usuario (id, email, nombre_usuario, contrasena) VALUES (1, 'regina69@carlos-oller.es', 'user1', '&ydmwzZsa6');
INSERT INTO usuario (id, email, nombre_usuario, contrasena) VALUES (2, 'alma06@yahoo.com', 'user2', 'pM0uDDw($v');
INSERT INTO usuario (id, email, nombre_usuario, contrasena) VALUES (3, 'silvestretalavera@fuente.es', 'user3', 'x@NX4dUcq!');
INSERT INTO usuario (id, email, nombre_usuario, contrasena) VALUES (4, 'teruelborja@gmail.com', 'user4', '#VVYwHU$f5');
INSERT INTO usuario (id, email, nombre_usuario, contrasena) VALUES (5, 'hespana@gmail.com', 'user5', 'c6TH1Xr+#@');
INSERT INTO usuario (id, email, nombre_usuario, contrasena) VALUES (6, 'ximena12@hotmail.com', 'user6', '*t)zrEA68)');
INSERT INTO usuario (id, email, nombre_usuario, contrasena) VALUES (7, 'xandreu@gmail.com', 'user7', 'K2HW+Tig#c');
INSERT INTO usuario (id, email, nombre_usuario, contrasena) VALUES (8, 'berta05@yahoo.com', 'user8', '2vUsA8nY&t');
INSERT INTO usuario (id, email, nombre_usuario, contrasena) VALUES (9, 'baenademetrio@jurado.com', 'user9', 'D5bL#tBk_m');
INSERT INTO usuario (id, email, nombre_usuario, contrasena) VALUES (10, 'lmiro@hotmail.com', 'user10', '@kDXWIj@G7');
INSERT INTO usuario (id, email, nombre_usuario, contrasena) VALUES (11, 'jose-luis04@salcedo.org', 'user11', 's6BD#qUW+W');
INSERT INTO usuario (id, email, nombre_usuario, contrasena) VALUES (12, 'ricoprat@yahoo.com', 'user12', 'e4q^8D%f83');
INSERT INTO usuario (id, email, nombre_usuario, contrasena) VALUES (13, 'turximena@gmail.com', 'user13', '@I8^B1vp7B');
INSERT INTO usuario (id, email, nombre_usuario, contrasena) VALUES (14, 'damian40@gmail.com', 'user14', 'H&)4VvQiuS');
INSERT INTO usuario (id, email, nombre_usuario, contrasena) VALUES (15, 'planasruben@bayo.es', 'user15', 'CMw25Jb53+');
INSERT INTO usuario (id, email, nombre_usuario, contrasena) VALUES (16, 'felicialuz@pastor.com', 'user16', 'eU2L0PAhX%');
INSERT INTO usuario (id, email, nombre_usuario, contrasena) VALUES (17, 'villalongamaxi@torrents.es', 'user17', 'uw6ksImFl_');
INSERT INTO usuario (id, email, nombre_usuario, contrasena) VALUES (18, 'ebas@carballo.es', 'user18', 'pDuTzslw!7');
INSERT INTO usuario (id, email, nombre_usuario, contrasena) VALUES (19, 'maria-cristina98@yahoo.com', 'user19', 'BTeW_NPn(1');
INSERT INTO usuario (id, email, nombre_usuario, contrasena) VALUES (20, 'loidavilar@gmail.com', 'user20', 'qMV(1BoMz9');
INSERT INTO usuario (id, email, nombre_usuario, contrasena) VALUES (21, 'guiomar28@gmail.com', 'user21', '#w6pwGUytb');
INSERT INTO usuario (id, email, nombre_usuario, contrasena) VALUES (22, 'florentino20@aragon.es', 'user22', '0qaPuMAR%k');
INSERT INTO usuario (id, email, nombre_usuario, contrasena) VALUES (23, 'manzanopaz@narvaez.com', 'user23', 'w(WjfvCz$4');
INSERT INTO usuario (id, email, nombre_usuario, contrasena) VALUES (24, 'wilfredo29@sobrino.com', 'user24', 'z0nzyKvH!b');
INSERT INTO usuario (id, email, nombre_usuario, contrasena) VALUES (25, 'trini31@rios.org', 'user25', '(_3YRCzU+A');
INSERT INTO usuario (id, email, nombre_usuario, contrasena) VALUES (26, 'agustina98@solis.com', 'user26', 'w8H2K6nb_)');
INSERT INTO usuario (id, email, nombre_usuario, contrasena) VALUES (27, 'saturninoalberdi@yahoo.com', 'user27', '^#Mp5$WpE8');
INSERT INTO usuario (id, email, nombre_usuario, contrasena) VALUES (28, 'samuelolivera@gmail.com', 'user28', 'qa$Ly8Ms(#');
INSERT INTO usuario (id, email, nombre_usuario, contrasena) VALUES (29, 'giraltvaleria@pina.org', 'user29', 'X5ZAfk4f)#');
INSERT INTO usuario (id, email, nombre_usuario, contrasena) VALUES (30, 'ainarasantana@ocana-carvajal.com', 'user30', '_K8BvBm^NY');
INSERT INTO usuario (id, email, nombre_usuario, contrasena) VALUES (31, 'leocadio29@baquero-simo.com', 'user31', '^l8QcPUn*Y');
INSERT INTO usuario (id, email, nombre_usuario, contrasena) VALUES (32, 'lourdesmena@hotmail.com', 'user32', '&2N*Dlv&GN');
INSERT INTO usuario (id, email, nombre_usuario, contrasena) VALUES (33, 'qtomas@cazorla.com', 'user33', '5mJNU4VB)G');
INSERT INTO usuario (id, email, nombre_usuario, contrasena) VALUES (34, 'blancaprimitiva@perera.com', 'user34', 'Q+M1Pjx8SO');
INSERT INTO usuario (id, email, nombre_usuario, contrasena) VALUES (35, 'leongeronimo@prats.es', 'user35', '$(lFjBgx%3');
INSERT INTO usuario (id, email, nombre_usuario, contrasena) VALUES (36, 'vazquezencarnacion@hotmail.com', 'user36', '*jgW4f8))1');
INSERT INTO usuario (id, email, nombre_usuario, contrasena) VALUES (37, 'bibiana84@gmail.com', 'user37', ')30Ub+g8#z');
INSERT INTO usuario (id, email, nombre_usuario, contrasena) VALUES (38, 'azeneth26@ramirez.com', 'user38', '%xK6XzPW$)');
INSERT INTO usuario (id, email, nombre_usuario, contrasena) VALUES (39, 'mmendizabal@arana.com', 'user39', '!1WeR*zl#9');
INSERT INTO usuario (id, email, nombre_usuario, contrasena) VALUES (40, 'cheloayllon@gmail.com', 'user40', '*!0EQrcGC3');
INSERT INTO usuario (id, email, nombre_usuario, contrasena) VALUES (41, 'martasantamaria@fabregas.com', 'user41', 'u$a2BEJvAK');
INSERT INTO usuario (id, email, nombre_usuario, contrasena) VALUES (42, 'nieves78@gmail.com', 'user42', '$3DKjV19b2');
INSERT INTO usuario (id, email, nombre_usuario, contrasena) VALUES (43, 'aescalona@ordonez.es', 'user43', '^U9JuELN(+');
INSERT INTO usuario (id, email, nombre_usuario, contrasena) VALUES (44, 'cpavon@hotmail.com', 'user44', 'G6jZPJvl#X');
INSERT INTO usuario (id, email, nombre_usuario, contrasena) VALUES (45, 'egarriga@coloma-montserrat.com', 'user45', '+zG12vDfFa');
INSERT INTO usuario (id, email, nombre_usuario, contrasena) VALUES (46, 'iborraalfredo@hotmail.com', 'user46', '48U6YUQj&n');
INSERT INTO usuario (id, email, nombre_usuario, contrasena) VALUES (47, 'horaciomillan@hotmail.com', 'user47', '$+WUsJjL+1');
INSERT INTO usuario (id, email, nombre_usuario, contrasena) VALUES (48, 'jonatanlucena@yahoo.com', 'user48', '6Z7^b5Qvu(');
INSERT INTO usuario (id, email, nombre_usuario, contrasena) VALUES (49, 'conesaespiridion@avila.com', 'user49', 'TO$8Q8Nzp1');
INSERT INTO usuario (id, email, nombre_usuario, contrasena) VALUES (50, 'aniestrada@salmeron.com', 'user50', '%0NKrjCn&M');
INSERT INTO usuario (id, email, nombre_usuario, contrasena) VALUES (51, 'dcarlos@gmail.com', 'user51', 'fs7NjW3R@4');
INSERT INTO usuario (id, email, nombre_usuario, contrasena) VALUES (52, 'pintorche@yahoo.com', 'user52', '&yc9MV4mO_');
INSERT INTO usuario (id, email, nombre_usuario, contrasena) VALUES (53, 'alejandronunez@gmail.com', 'user53', 'PQyYgE_a)9');
INSERT INTO usuario (id, email, nombre_usuario, contrasena) VALUES (54, 'daniel51@montesinos-francisco.com', 'user54', 'K4Qb_rRm+2');
INSERT INTO usuario (id, email, nombre_usuario, contrasena) VALUES (55, 'igimenez@yahoo.com', 'user55', '*8CBz(f53j');
INSERT INTO usuario (id, email, nombre_usuario, contrasena) VALUES (56, 'morcillogil@pintor-sans.es', 'user56', '2w8c7MDa9*');
INSERT INTO usuario (id, email, nombre_usuario, contrasena) VALUES (57, 'felixgarces@yahoo.com', 'user57', '(2&iSM3fh#');
INSERT INTO usuario (id, email, nombre_usuario, contrasena) VALUES (58, 'pedroprado@gmail.com', 'user58', 'i%G5xO(cUQ');
INSERT INTO usuario (id, email, nombre_usuario, contrasena) VALUES (59, 'raquel10@gmail.com', 'user59', '_66X58Xfs#');
INSERT INTO usuario (id, email, nombre_usuario, contrasena) VALUES (60, 'mariaguillen@nogueira.com', 'user60', 'i4NM!0tr_O');
INSERT INTO usuario (id, email, nombre_usuario, contrasena) VALUES (61, 'ttur@ferrera.com', 'user61', 'B57eLyr6I*');
INSERT INTO usuario (id, email, nombre_usuario, contrasena) VALUES (62, 'bfigueroa@villa.es', 'user62', 'g@!5qHv7d&');
INSERT INTO usuario (id, email, nombre_usuario, contrasena) VALUES (63, 'tellezjuan-luis@gmail.com', 'user63', 'fjf4X3qoy$');
INSERT INTO usuario (id, email, nombre_usuario, contrasena) VALUES (64, 'jose-mariajimenez@sacristan.es', 'user64', 'T+j3KVBUGx');
INSERT INTO usuario (id, email, nombre_usuario, contrasena) VALUES (65, 'rogeliobernad@higueras.es', 'user65', '&&bn1D_w@0');
INSERT INTO usuario (id, email, nombre_usuario, contrasena) VALUES (66, 'magdalenajulian@cabo-carbajo.es', 'user66', '%Z0x0MnV!l');
INSERT INTO usuario (id, email, nombre_usuario, contrasena) VALUES (67, 'bastidadamian@burgos.com', 'user67', '8Ah3Zgufx%');
INSERT INTO usuario (id, email, nombre_usuario, contrasena) VALUES (68, 'oriquelme@yahoo.com', 'user68', '!2hatUTgK6');
INSERT INTO usuario (id, email, nombre_usuario, contrasena) VALUES (69, 'purificacion55@hotmail.com', 'user69', 'EyxMKf*X*7');
INSERT INTO usuario (id, email, nombre_usuario, contrasena) VALUES (70, 'victor44@briones.com', 'user70', '#1TEB8Gx@E');
INSERT INTO usuario (id, email, nombre_usuario, contrasena) VALUES (71, 'vasco74@yahoo.com', 'user71', 'Av3WUGkse$');
INSERT INTO usuario (id, email, nombre_usuario, contrasena) VALUES (72, 'cabellomercedes@hernandez.net', 'user72', 'F$79+vMh97');
INSERT INTO usuario (id, email, nombre_usuario, contrasena) VALUES (73, 'raquel43@muniz.com', 'user73', 'z3*1wN1p86');
INSERT INTO usuario (id, email, nombre_usuario, contrasena) VALUES (74, 'garciabaldomero@hotmail.com', 'user74', 'w7qKmkx0#@');
INSERT INTO usuario (id, email, nombre_usuario, contrasena) VALUES (75, 'martinvillanueva@gmail.com', 'user75', 'WZu50YWk*j');
INSERT INTO usuario (id, email, nombre_usuario, contrasena) VALUES (76, 'florindanunez@yahoo.com', 'user76', '!ZCk*qPcI4');
INSERT INTO usuario (id, email, nombre_usuario, contrasena) VALUES (77, 'gerardoguijarro@paniagua-lumbreras.es', 'user77', '(74wXk7s21');
INSERT INTO usuario (id, email, nombre_usuario, contrasena) VALUES (78, 'jose-angel26@yahoo.com', 'user78', 'DTDM8xaT(2');
INSERT INTO usuario (id, email, nombre_usuario, contrasena) VALUES (79, 'qolivares@pujol.es', 'user79', '7)EkxHzJ$7');
INSERT INTO usuario (id, email, nombre_usuario, contrasena) VALUES (80, 'ebarrios@gmail.com', 'user80', '(9LBzGXjkh');
INSERT INTO usuario (id, email, nombre_usuario, contrasena) VALUES (81, 'casandracamps@gmail.com', 'user81', '&PK_gJiz05');
INSERT INTO usuario (id, email, nombre_usuario, contrasena) VALUES (82, 'santiago01@gmail.com', 'user82', '3MSI+xYy(4');
INSERT INTO usuario (id, email, nombre_usuario, contrasena) VALUES (83, 'chelovalenzuela@diaz.es', 'user83', '2RfD5AtM&8');
INSERT INTO usuario (id, email, nombre_usuario, contrasena) VALUES (84, 'natalioleon@elorza.com', 'user84', '$F90sS&g4T');
INSERT INTO usuario (id, email, nombre_usuario, contrasena) VALUES (85, 'pablomarino@hotmail.com', 'user85', 'Hn5tSyo3+a');
INSERT INTO usuario (id, email, nombre_usuario, contrasena) VALUES (86, 'chavesbernabe@figueras-navarro.com', 'user86', 'p9BgD_Hc*O');
INSERT INTO usuario (id, email, nombre_usuario, contrasena) VALUES (87, 'dcabanas@hotmail.com', 'user87', 'I&cg+#M7#y');
INSERT INTO usuario (id, email, nombre_usuario, contrasena) VALUES (88, 'belmonteleire@yahoo.com', 'user88', 'p*2D4*tgUf');
INSERT INTO usuario (id, email, nombre_usuario, contrasena) VALUES (89, 'nildapablo@gmail.com', 'user89', '&(R5)4ClRZ');
INSERT INTO usuario (id, email, nombre_usuario, contrasena) VALUES (90, 'heriberto65@yahoo.com', 'user90', '!*!&9KNmyw');
INSERT INTO usuario (id, email, nombre_usuario, contrasena) VALUES (91, 'jfranco@hotmail.com', 'user91', '(y03QIbxz2');
INSERT INTO usuario (id, email, nombre_usuario, contrasena) VALUES (92, 'azaharbou@yahoo.com', 'user92', '#m!0XlgQHL');
INSERT INTO usuario (id, email, nombre_usuario, contrasena) VALUES (93, 'pozacalista@yahoo.com', 'user93', '$2USW&lXVY');
INSERT INTO usuario (id, email, nombre_usuario, contrasena) VALUES (94, 'claudiablanch@yahoo.com', 'user94', 'b+9C*Cy8zy');
INSERT INTO usuario (id, email, nombre_usuario, contrasena) VALUES (95, 'bonillagraciana@yahoo.com', 'user95', 'E21^NVdo_Y');
INSERT INTO usuario (id, email, nombre_usuario, contrasena) VALUES (96, 'nataliobadia@yahoo.com', 'user96', '^5B08B^gFP');
INSERT INTO usuario (id, email, nombre_usuario, contrasena) VALUES (97, 'curroesteve@aguilar.es', 'user97', ')3vlOk(n(S');
INSERT INTO usuario (id, email, nombre_usuario, contrasena) VALUES (98, 'albanomorell@hotmail.com', 'user98', '2$ICfJsE^S');
INSERT INTO usuario (id, email, nombre_usuario, contrasena) VALUES (99, 'pepitoespada@exposito.com', 'user99', '(gKh9jkwq4');
INSERT INTO usuario (id, email, nombre_usuario, contrasena) VALUES (100, 'sainzolalla@yahoo.com', 'user100', 'I++)4Q&nS@');
INSERT INTO usuario (id, email, nombre_usuario, contrasena) VALUES (101, 'carlos101@mail.com', 'carlos101', 'pass101');
INSERT INTO usuario (id, email, nombre_usuario, contrasena) VALUES (102, 'ana102@mail.com', 'ana102', 'pass102');
INSERT INTO usuario (id, email, nombre_usuario, contrasena) VALUES (103, 'luis103@mail.com', 'luis103', 'pass103');
INSERT INTO usuario (id, email, nombre_usuario, contrasena) VALUES (104, 'maria104@mail.com', 'maria104', 'pass104');
INSERT INTO usuario (id, email, nombre_usuario, contrasena) VALUES (105, 'jorge105@mail.com', 'jorge105', 'pass105');
INSERT INTO usuario (id, email, nombre_usuario, contrasena) VALUES (106, 'elena106@mail.com', 'elena106', 'pass106');
INSERT INTO usuario (id, email, nombre_usuario, contrasena) VALUES (107, 'hugo107@mail.com', 'hugo107', 'pass107');
INSERT INTO usuario (id, email, nombre_usuario, contrasena) VALUES (108, 'lucia108@mail.com', 'lucia108', 'pass108');
INSERT INTO usuario (id, email, nombre_usuario, contrasena) VALUES (109, 'mario109@mail.com', 'mario109', 'pass109');
INSERT INTO usuario (id, email, nombre_usuario, contrasena) VALUES (110, 'claudia110@mail.com', 'claudia110', 'pass110');
INSERT INTO usuario (id, email, nombre_usuario, contrasena) VALUES (111, 'daniel111@mail.com', 'daniel111', 'pass111');
INSERT INTO usuario (id, email, nombre_usuario, contrasena) VALUES (112, 'patricia112@mail.com', 'patricia112', 'pass112');
INSERT INTO usuario (id, email, nombre_usuario, contrasena) VALUES (113, 'fernando113@mail.com', 'fernando113', 'pass113');
INSERT INTO usuario (id, email, nombre_usuario, contrasena) VALUES (114, 'gabriela114@mail.com', 'gabriela114', 'pass114');
INSERT INTO usuario (id, email, nombre_usuario, contrasena) VALUES (115, 'ramiro115@mail.com', 'ramiro115', 'pass115');
INSERT INTO usuario (id, email, nombre_usuario, contrasena) VALUES (116, 'natalia116@mail.com', 'natalia116', 'pass116');
INSERT INTO usuario (id, email, nombre_usuario, contrasena) VALUES (117, 'oscar117@mail.com', 'oscar117', 'pass117');
INSERT INTO usuario (id, email, nombre_usuario, contrasena) VALUES (118, 'vanessa118@mail.com', 'vanessa118', 'pass118');
INSERT INTO usuario (id, email, nombre_usuario, contrasena) VALUES (119, 'raul119@mail.com', 'raul119', 'pass119');
INSERT INTO usuario (id, email, nombre_usuario, contrasena) VALUES (120, 'karina120@mail.com', 'karina120', 'pass120');
INSERT INTO usuario (id, email, nombre_usuario, contrasena) VALUES (121, 'diego121@mail.com', 'diego121', 'pass121');
INSERT INTO usuario (id, email, nombre_usuario, contrasena) VALUES (122, 'andrea122@mail.com', 'andrea122', 'pass122');
INSERT INTO usuario (id, email, nombre_usuario, contrasena) VALUES (123, 'bruno123@mail.com', 'bruno123', 'pass123');
INSERT INTO usuario (id, email, nombre_usuario, contrasena) VALUES (124, 'carla124@mail.com', 'carla124', 'pass124');
INSERT INTO usuario (id, email, nombre_usuario, contrasena) VALUES (125, 'esteban125@mail.com', 'esteban125', 'pass125');
INSERT INTO usuario (id, email, nombre_usuario, contrasena) VALUES (126, 'valeria126@mail.com', 'valeria126', 'pass126');
INSERT INTO usuario (id, email, nombre_usuario, contrasena) VALUES (127, 'lucas127@mail.com', 'lucas127', 'pass127');
INSERT INTO usuario (id, email, nombre_usuario, contrasena) VALUES (128, 'sofía128@mail.com', 'sofía128', 'pass128');
INSERT INTO usuario (id, email, nombre_usuario, contrasena) VALUES (129, 'matías129@mail.com', 'matías129', 'pass129');
INSERT INTO usuario (id, email, nombre_usuario, contrasena) VALUES (130, 'diana130@mail.com', 'diana130', 'pass130');
INSERT INTO usuario (id, email, nombre_usuario, contrasena) VALUES (131, 'javier131@mail.com', 'javier131', 'pass131');
INSERT INTO usuario (id, email, nombre_usuario, contrasena) VALUES (132, 'paola132@mail.com', 'paola132', 'pass132');
INSERT INTO usuario (id, email, nombre_usuario, contrasena) VALUES (133, 'leonardo133@mail.com', 'leonardo133', 'pass133');
INSERT INTO usuario (id, email, nombre_usuario, contrasena) VALUES (134, 'camila134@mail.com', 'camila134', 'pass134');
INSERT INTO usuario (id, email, nombre_usuario, contrasena) VALUES (135, 'mauricio135@mail.com', 'mauricio135', 'pass135');
INSERT INTO usuario (id, email, nombre_usuario, contrasena) VALUES (136, 'verónica136@mail.com', 'verónica136', 'pass136');
INSERT INTO usuario (id, email, nombre_usuario, contrasena) VALUES (137, 'ricardo137@mail.com', 'ricardo137', 'pass137');
INSERT INTO usuario (id, email, nombre_usuario, contrasena) VALUES (138, 'florencia138@mail.com', 'florencia138', 'pass138');
INSERT INTO usuario (id, email, nombre_usuario, contrasena) VALUES (139, 'alfredo139@mail.com', 'alfredo139', 'pass139');
INSERT INTO usuario (id, email, nombre_usuario, contrasena) VALUES (140, 'selena140@mail.com', 'selena140', 'pass140');
INSERT INTO usuario (id, email, nombre_usuario, contrasena) VALUES (141, 'iván141@mail.com', 'iván141', 'pass141');
INSERT INTO usuario (id, email, nombre_usuario, contrasena) VALUES (142, 'julia142@mail.com', 'julia142', 'pass142');
INSERT INTO usuario (id, email, nombre_usuario, contrasena) VALUES (143, 'renato143@mail.com', 'renato143', 'pass143');
INSERT INTO usuario (id, email, nombre_usuario, contrasena) VALUES (144, 'emilia144@mail.com', 'emilia144', 'pass144');
INSERT INTO usuario (id, email, nombre_usuario, contrasena) VALUES (145, 'gustavo145@mail.com', 'gustavo145', 'pass145');
INSERT INTO usuario (id, email, nombre_usuario, contrasena) VALUES (146, 'mónica146@mail.com', 'mónica146', 'pass146');
INSERT INTO usuario (id, email, nombre_usuario, contrasena) VALUES (147, 'samuel147@mail.com', 'samuel147', 'pass147');
INSERT INTO usuario (id, email, nombre_usuario, contrasena) VALUES (148, 'ariana148@mail.com', 'ariana148', 'pass148');
INSERT INTO usuario (id, email, nombre_usuario, contrasena) VALUES (149, 'felipe149@mail.com', 'felipe149', 'pass149');
INSERT INTO usuario (id, email, nombre_usuario, contrasena) VALUES (150, 'romina150@mail.com', 'romina150', 'pass150');
INSERT INTO usuario (id, email, nombre_usuario, contrasena) VALUES (151, 'cristian151@mail.com', 'cristian151', 'pass151');
INSERT INTO usuario (id, email, nombre_usuario, contrasena) VALUES (152, 'daniela152@mail.com', 'daniela152', 'pass152');
INSERT INTO usuario (id, email, nombre_usuario, contrasena) VALUES (153, 'alex153@mail.com', 'alex153', 'pass153');
INSERT INTO usuario (id, email, nombre_usuario, contrasena) VALUES (154, 'fernanda154@mail.com', 'fernanda154', 'pass154');
INSERT INTO usuario (id, email, nombre_usuario, contrasena) VALUES (155, 'oscar155@mail.com', 'oscar155', 'pass155');
INSERT INTO usuario (id, email, nombre_usuario, contrasena) VALUES (156, 'rebeca156@mail.com', 'rebeca156', 'pass156');
INSERT INTO usuario (id, email, nombre_usuario, contrasena) VALUES (157, 'rodolfo157@mail.com', 'rodolfo157', 'pass157');
INSERT INTO usuario (id, email, nombre_usuario, contrasena) VALUES (158, 'estefanía158@mail.com', 'estefanía158', 'pass158');
INSERT INTO usuario (id, email, nombre_usuario, contrasena) VALUES (159, 'sandro159@mail.com', 'sandro159', 'pass159');
INSERT INTO usuario (id, email, nombre_usuario, contrasena) VALUES (160, 'tamara160@mail.com', 'tamara160', 'pass160');
INSERT INTO usuario (id, email, nombre_usuario, contrasena) VALUES (161, 'guido161@mail.com', 'guido161', 'pass161');
INSERT INTO usuario (id, email, nombre_usuario, contrasena) VALUES (162, 'noelia162@mail.com', 'noelia162', 'pass162');
INSERT INTO usuario (id, email, nombre_usuario, contrasena) VALUES (163, 'damián163@mail.com', 'damián163', 'pass163');
INSERT INTO usuario (id, email, nombre_usuario, contrasena) VALUES (164, 'yesenia164@mail.com', 'yesenia164', 'pass164');
INSERT INTO usuario (id, email, nombre_usuario, contrasena) VALUES (165, 'adrián165@mail.com', 'adrián165', 'pass165');
INSERT INTO usuario (id, email, nombre_usuario, contrasena) VALUES (166, 'bianca166@mail.com', 'bianca166', 'pass166');
INSERT INTO usuario (id, email, nombre_usuario, contrasena) VALUES (167, 'kevin167@mail.com', 'kevin167', 'pass167');
INSERT INTO usuario (id, email, nombre_usuario, contrasena) VALUES (168, 'angela168@mail.com', 'angela168', 'pass168');
INSERT INTO usuario (id, email, nombre_usuario, contrasena) VALUES (169, 'emanuel169@mail.com', 'emanuel169', 'pass169');
INSERT INTO usuario (id, email, nombre_usuario, contrasena) VALUES (170, 'lourdes170@mail.com', 'lourdes170', 'pass170');

-- Asignación de roles a usuarios
INSERT INTO usuario_rol (usuario_id, rol_id) VALUES (1, 2);
INSERT INTO usuario_rol (usuario_id, rol_id) VALUES (2, 2);
INSERT INTO usuario_rol (usuario_id, rol_id) VALUES (3, 3);
INSERT INTO usuario_rol (usuario_id, rol_id) VALUES (3, 2);
INSERT INTO usuario_rol (usuario_id, rol_id) VALUES (4, 3);
INSERT INTO usuario_rol (usuario_id, rol_id) VALUES (5, 2);
INSERT INTO usuario_rol (usuario_id, rol_id) VALUES (5, 1);
INSERT INTO usuario_rol (usuario_id, rol_id) VALUES (6, 3);
INSERT INTO usuario_rol (usuario_id, rol_id) VALUES (6, 2);
INSERT INTO usuario_rol (usuario_id, rol_id) VALUES (7, 2);
INSERT INTO usuario_rol (usuario_id, rol_id) VALUES (7, 3);
INSERT INTO usuario_rol (usuario_id, rol_id) VALUES (8, 1);
INSERT INTO usuario_rol (usuario_id, rol_id) VALUES (9, 3);
INSERT INTO usuario_rol (usuario_id, rol_id) VALUES (9, 1);
INSERT INTO usuario_rol (usuario_id, rol_id) VALUES (10, 1);
INSERT INTO usuario_rol (usuario_id, rol_id) VALUES (10, 2);
INSERT INTO usuario_rol (usuario_id, rol_id) VALUES (11, 3);
INSERT INTO usuario_rol (usuario_id, rol_id) VALUES (11, 2);
INSERT INTO usuario_rol (usuario_id, rol_id) VALUES (12, 1);
INSERT INTO usuario_rol (usuario_id, rol_id) VALUES (12, 3);
INSERT INTO usuario_rol (usuario_id, rol_id) VALUES (13, 3);
INSERT INTO usuario_rol (usuario_id, rol_id) VALUES (14, 2);
INSERT INTO usuario_rol (usuario_id, rol_id) VALUES (14, 1);
INSERT INTO usuario_rol (usuario_id, rol_id) VALUES (15, 2);
INSERT INTO usuario_rol (usuario_id, rol_id) VALUES (16, 3);
INSERT INTO usuario_rol (usuario_id, rol_id) VALUES (16, 2);
INSERT INTO usuario_rol (usuario_id, rol_id) VALUES (17, 1);
INSERT INTO usuario_rol (usuario_id, rol_id) VALUES (18, 2);
INSERT INTO usuario_rol (usuario_id, rol_id) VALUES (18, 1);
INSERT INTO usuario_rol (usuario_id, rol_id) VALUES (19, 1);
INSERT INTO usuario_rol (usuario_id, rol_id) VALUES (19, 2);
INSERT INTO usuario_rol (usuario_id, rol_id) VALUES (20, 1);
INSERT INTO usuario_rol (usuario_id, rol_id) VALUES (20, 3);
INSERT INTO usuario_rol (usuario_id, rol_id) VALUES (21, 1);
INSERT INTO usuario_rol (usuario_id, rol_id) VALUES (22, 3);
INSERT INTO usuario_rol (usuario_id, rol_id) VALUES (23, 2);
INSERT INTO usuario_rol (usuario_id, rol_id) VALUES (24, 3);
INSERT INTO usuario_rol (usuario_id, rol_id) VALUES (24, 2);
INSERT INTO usuario_rol (usuario_id, rol_id) VALUES (25, 2);
INSERT INTO usuario_rol (usuario_id, rol_id) VALUES (26, 1);
INSERT INTO usuario_rol (usuario_id, rol_id) VALUES (26, 2);
INSERT INTO usuario_rol (usuario_id, rol_id) VALUES (27, 1);
INSERT INTO usuario_rol (usuario_id, rol_id) VALUES (27, 2);
INSERT INTO usuario_rol (usuario_id, rol_id) VALUES (28, 2);
INSERT INTO usuario_rol (usuario_id, rol_id) VALUES (28, 1);
INSERT INTO usuario_rol (usuario_id, rol_id) VALUES (29, 2);
INSERT INTO usuario_rol (usuario_id, rol_id) VALUES (29, 1);
INSERT INTO usuario_rol (usuario_id, rol_id) VALUES (30, 3);
INSERT INTO usuario_rol (usuario_id, rol_id) VALUES (30, 2);
INSERT INTO usuario_rol (usuario_id, rol_id) VALUES (31, 3);
INSERT INTO usuario_rol (usuario_id, rol_id) VALUES (31, 1);
INSERT INTO usuario_rol (usuario_id, rol_id) VALUES (32, 3);
INSERT INTO usuario_rol (usuario_id, rol_id) VALUES (32, 2);
INSERT INTO usuario_rol (usuario_id, rol_id) VALUES (33, 2);
INSERT INTO usuario_rol (usuario_id, rol_id) VALUES (33, 1);
INSERT INTO usuario_rol (usuario_id, rol_id) VALUES (34, 1);
INSERT INTO usuario_rol (usuario_id, rol_id) VALUES (34, 3);
INSERT INTO usuario_rol (usuario_id, rol_id) VALUES (35, 2);
INSERT INTO usuario_rol (usuario_id, rol_id) VALUES (36, 1);
INSERT INTO usuario_rol (usuario_id, rol_id) VALUES (36, 3);
INSERT INTO usuario_rol (usuario_id, rol_id) VALUES (37, 2);
INSERT INTO usuario_rol (usuario_id, rol_id) VALUES (37, 3);
INSERT INTO usuario_rol (usuario_id, rol_id) VALUES (38, 2);
INSERT INTO usuario_rol (usuario_id, rol_id) VALUES (38, 3);
INSERT INTO usuario_rol (usuario_id, rol_id) VALUES (39, 1);
INSERT INTO usuario_rol (usuario_id, rol_id) VALUES (39, 3);
INSERT INTO usuario_rol (usuario_id, rol_id) VALUES (40, 2);
INSERT INTO usuario_rol (usuario_id, rol_id) VALUES (40, 1);
INSERT INTO usuario_rol (usuario_id, rol_id) VALUES (41, 1);
INSERT INTO usuario_rol (usuario_id, rol_id) VALUES (41, 3);
INSERT INTO usuario_rol (usuario_id, rol_id) VALUES (42, 2);
INSERT INTO usuario_rol (usuario_id, rol_id) VALUES (42, 1);
INSERT INTO usuario_rol (usuario_id, rol_id) VALUES (43, 1);
INSERT INTO usuario_rol (usuario_id, rol_id) VALUES (44, 3);
INSERT INTO usuario_rol (usuario_id, rol_id) VALUES (45, 3);
INSERT INTO usuario_rol (usuario_id, rol_id) VALUES (46, 3);
INSERT INTO usuario_rol (usuario_id, rol_id) VALUES (46, 1);
INSERT INTO usuario_rol (usuario_id, rol_id) VALUES (47, 3);
INSERT INTO usuario_rol (usuario_id, rol_id) VALUES (47, 2);
INSERT INTO usuario_rol (usuario_id, rol_id) VALUES (48, 2);
INSERT INTO usuario_rol (usuario_id, rol_id) VALUES (48, 1);
INSERT INTO usuario_rol (usuario_id, rol_id) VALUES (49, 3);
INSERT INTO usuario_rol (usuario_id, rol_id) VALUES (50, 3);
INSERT INTO usuario_rol (usuario_id, rol_id) VALUES (51, 2);
INSERT INTO usuario_rol (usuario_id, rol_id) VALUES (52, 2);
INSERT INTO usuario_rol (usuario_id, rol_id) VALUES (52, 1);
INSERT INTO usuario_rol (usuario_id, rol_id) VALUES (53, 3);
INSERT INTO usuario_rol (usuario_id, rol_id) VALUES (53, 1);
INSERT INTO usuario_rol (usuario_id, rol_id) VALUES (54, 3);
INSERT INTO usuario_rol (usuario_id, rol_id) VALUES (55, 3);
INSERT INTO usuario_rol (usuario_id, rol_id) VALUES (56, 2);
INSERT INTO usuario_rol (usuario_id, rol_id) VALUES (57, 3);
INSERT INTO usuario_rol (usuario_id, rol_id) VALUES (57, 2);
INSERT INTO usuario_rol (usuario_id, rol_id) VALUES (58, 3);
INSERT INTO usuario_rol (usuario_id, rol_id) VALUES (59, 2);
INSERT INTO usuario_rol (usuario_id, rol_id) VALUES (60, 1);
INSERT INTO usuario_rol (usuario_id, rol_id) VALUES (60, 3);
INSERT INTO usuario_rol (usuario_id, rol_id) VALUES (61, 2);
INSERT INTO usuario_rol (usuario_id, rol_id) VALUES (62, 2);
INSERT INTO usuario_rol (usuario_id, rol_id) VALUES (62, 3);
INSERT INTO usuario_rol (usuario_id, rol_id) VALUES (63, 3);
INSERT INTO usuario_rol (usuario_id, rol_id) VALUES (63, 2);
INSERT INTO usuario_rol (usuario_id, rol_id) VALUES (64, 3);
INSERT INTO usuario_rol (usuario_id, rol_id) VALUES (65, 2);
INSERT INTO usuario_rol (usuario_id, rol_id) VALUES (66, 1);
INSERT INTO usuario_rol (usuario_id, rol_id) VALUES (67, 1);
INSERT INTO usuario_rol (usuario_id, rol_id) VALUES (67, 2);
INSERT INTO usuario_rol (usuario_id, rol_id) VALUES (68, 3);
INSERT INTO usuario_rol (usuario_id, rol_id) VALUES (68, 2);
INSERT INTO usuario_rol (usuario_id, rol_id) VALUES (69, 3);
INSERT INTO usuario_rol (usuario_id, rol_id) VALUES (69, 1);
INSERT INTO usuario_rol (usuario_id, rol_id) VALUES (70, 3);
INSERT INTO usuario_rol (usuario_id, rol_id) VALUES (71, 2);
INSERT INTO usuario_rol (usuario_id, rol_id) VALUES (71, 1);
INSERT INTO usuario_rol (usuario_id, rol_id) VALUES (72, 3);
INSERT INTO usuario_rol (usuario_id, rol_id) VALUES (73, 1);
INSERT INTO usuario_rol (usuario_id, rol_id) VALUES (74, 2);
INSERT INTO usuario_rol (usuario_id, rol_id) VALUES (74, 1);
INSERT INTO usuario_rol (usuario_id, rol_id) VALUES (75, 1);
INSERT INTO usuario_rol (usuario_id, rol_id) VALUES (75, 3);
INSERT INTO usuario_rol (usuario_id, rol_id) VALUES (76, 2);
INSERT INTO usuario_rol (usuario_id, rol_id) VALUES (76, 1);
INSERT INTO usuario_rol (usuario_id, rol_id) VALUES (77, 1);
INSERT INTO usuario_rol (usuario_id, rol_id) VALUES (78, 2);
INSERT INTO usuario_rol (usuario_id, rol_id) VALUES (78, 1);
INSERT INTO usuario_rol (usuario_id, rol_id) VALUES (79, 1);
INSERT INTO usuario_rol (usuario_id, rol_id) VALUES (80, 2);
INSERT INTO usuario_rol (usuario_id, rol_id) VALUES (80, 3);
INSERT INTO usuario_rol (usuario_id, rol_id) VALUES (81, 2);
INSERT INTO usuario_rol (usuario_id, rol_id) VALUES (81, 3);
INSERT INTO usuario_rol (usuario_id, rol_id) VALUES (82, 2);
INSERT INTO usuario_rol (usuario_id, rol_id) VALUES (82, 3);
INSERT INTO usuario_rol (usuario_id, rol_id) VALUES (83, 3);
INSERT INTO usuario_rol (usuario_id, rol_id) VALUES (83, 2);
INSERT INTO usuario_rol (usuario_id, rol_id) VALUES (84, 2);
INSERT INTO usuario_rol (usuario_id, rol_id) VALUES (85, 2);
INSERT INTO usuario_rol (usuario_id, rol_id) VALUES (86, 3);
INSERT INTO usuario_rol (usuario_id, rol_id) VALUES (87, 1);
INSERT INTO usuario_rol (usuario_id, rol_id) VALUES (88, 1);
INSERT INTO usuario_rol (usuario_id, rol_id) VALUES (89, 1);
INSERT INTO usuario_rol (usuario_id, rol_id) VALUES (90, 3);
INSERT INTO usuario_rol (usuario_id, rol_id) VALUES (90, 2);
INSERT INTO usuario_rol (usuario_id, rol_id) VALUES (91, 1);
INSERT INTO usuario_rol (usuario_id, rol_id) VALUES (92, 1);
INSERT INTO usuario_rol (usuario_id, rol_id) VALUES (92, 2);
INSERT INTO usuario_rol (usuario_id, rol_id) VALUES (93, 2);
INSERT INTO usuario_rol (usuario_id, rol_id) VALUES (93, 3);
INSERT INTO usuario_rol (usuario_id, rol_id) VALUES (94, 1);
INSERT INTO usuario_rol (usuario_id, rol_id) VALUES (95, 3);
INSERT INTO usuario_rol (usuario_id, rol_id) VALUES (96, 3);
INSERT INTO usuario_rol (usuario_id, rol_id) VALUES (96, 1);
INSERT INTO usuario_rol (usuario_id, rol_id) VALUES (97, 1);
INSERT INTO usuario_rol (usuario_id, rol_id) VALUES (98, 1);
INSERT INTO usuario_rol (usuario_id, rol_id) VALUES (98, 3);
INSERT INTO usuario_rol (usuario_id, rol_id) VALUES (99, 3);
INSERT INTO usuario_rol (usuario_id, rol_id) VALUES (100, 2);
INSERT INTO usuario_rol (usuario_id, rol_id) VALUES (100, 1);
INSERT INTO usuario_rol (usuario_id, rol_id) VALUES (101, 3);
INSERT INTO usuario_rol (usuario_id, rol_id) VALUES (102, 3);
INSERT INTO usuario_rol (usuario_id, rol_id) VALUES (103, 3);
INSERT INTO usuario_rol (usuario_id, rol_id) VALUES (104, 3);
INSERT INTO usuario_rol (usuario_id, rol_id) VALUES (105, 3);
INSERT INTO usuario_rol (usuario_id, rol_id) VALUES (106, 3);
INSERT INTO usuario_rol (usuario_id, rol_id) VALUES (107, 3);
INSERT INTO usuario_rol (usuario_id, rol_id) VALUES (108, 3);
INSERT INTO usuario_rol (usuario_id, rol_id) VALUES (109, 3);
INSERT INTO usuario_rol (usuario_id, rol_id) VALUES (110, 3);
INSERT INTO usuario_rol (usuario_id, rol_id) VALUES (111, 3);
INSERT INTO usuario_rol (usuario_id, rol_id) VALUES (112, 3);
INSERT INTO usuario_rol (usuario_id, rol_id) VALUES (113, 3);
INSERT INTO usuario_rol (usuario_id, rol_id) VALUES (114, 3);
INSERT INTO usuario_rol (usuario_id, rol_id) VALUES (115, 3);
INSERT INTO usuario_rol (usuario_id, rol_id) VALUES (116, 3);
INSERT INTO usuario_rol (usuario_id, rol_id) VALUES (117, 3);
INSERT INTO usuario_rol (usuario_id, rol_id) VALUES (118, 3);
INSERT INTO usuario_rol (usuario_id, rol_id) VALUES (119, 3);
INSERT INTO usuario_rol (usuario_id, rol_id) VALUES (120, 3);
INSERT INTO usuario_rol (usuario_id, rol_id) VALUES (121, 3);
INSERT INTO usuario_rol (usuario_id, rol_id) VALUES (122, 3);
INSERT INTO usuario_rol (usuario_id, rol_id) VALUES (123, 3);
INSERT INTO usuario_rol (usuario_id, rol_id) VALUES (124, 3);
INSERT INTO usuario_rol (usuario_id, rol_id) VALUES (125, 3);
INSERT INTO usuario_rol (usuario_id, rol_id) VALUES (126, 3);
INSERT INTO usuario_rol (usuario_id, rol_id) VALUES (127, 3);
INSERT INTO usuario_rol (usuario_id, rol_id) VALUES (128, 3);
INSERT INTO usuario_rol (usuario_id, rol_id) VALUES (129, 3);
INSERT INTO usuario_rol (usuario_id, rol_id) VALUES (130, 3);
INSERT INTO usuario_rol (usuario_id, rol_id) VALUES (131, 3);
INSERT INTO usuario_rol (usuario_id, rol_id) VALUES (132, 3);
INSERT INTO usuario_rol (usuario_id, rol_id) VALUES (133, 3);
INSERT INTO usuario_rol (usuario_id, rol_id) VALUES (134, 3);
INSERT INTO usuario_rol (usuario_id, rol_id) VALUES (135, 3);
INSERT INTO usuario_rol (usuario_id, rol_id) VALUES (136, 3);
INSERT INTO usuario_rol (usuario_id, rol_id) VALUES (137, 3);
INSERT INTO usuario_rol (usuario_id, rol_id) VALUES (138, 3);
INSERT INTO usuario_rol (usuario_id, rol_id) VALUES (139, 3);
INSERT INTO usuario_rol (usuario_id, rol_id) VALUES (140, 3);
INSERT INTO usuario_rol (usuario_id, rol_id) VALUES (141, 3);
INSERT INTO usuario_rol (usuario_id, rol_id) VALUES (142, 3);
INSERT INTO usuario_rol (usuario_id, rol_id) VALUES (143, 3);
INSERT INTO usuario_rol (usuario_id, rol_id) VALUES (144, 3);
INSERT INTO usuario_rol (usuario_id, rol_id) VALUES (145, 3);
INSERT INTO usuario_rol (usuario_id, rol_id) VALUES (146, 3);
INSERT INTO usuario_rol (usuario_id, rol_id) VALUES (147, 3);
INSERT INTO usuario_rol (usuario_id, rol_id) VALUES (148, 3);
INSERT INTO usuario_rol (usuario_id, rol_id) VALUES (149, 3);
INSERT INTO usuario_rol (usuario_id, rol_id) VALUES (150, 3);
INSERT INTO usuario_rol (usuario_id, rol_id) VALUES (151, 3);
INSERT INTO usuario_rol (usuario_id, rol_id) VALUES (152, 3);
INSERT INTO usuario_rol (usuario_id, rol_id) VALUES (153, 3);
INSERT INTO usuario_rol (usuario_id, rol_id) VALUES (154, 3);
INSERT INTO usuario_rol (usuario_id, rol_id) VALUES (155, 3);
INSERT INTO usuario_rol (usuario_id, rol_id) VALUES (156, 3);
INSERT INTO usuario_rol (usuario_id, rol_id) VALUES (157, 3);
INSERT INTO usuario_rol (usuario_id, rol_id) VALUES (158, 3);
INSERT INTO usuario_rol (usuario_id, rol_id) VALUES (159, 3);
INSERT INTO usuario_rol (usuario_id, rol_id) VALUES (160, 3);
INSERT INTO usuario_rol (usuario_id, rol_id) VALUES (161, 3);
INSERT INTO usuario_rol (usuario_id, rol_id) VALUES (162, 3);
INSERT INTO usuario_rol (usuario_id, rol_id) VALUES (163, 3);
INSERT INTO usuario_rol (usuario_id, rol_id) VALUES (164, 3);
INSERT INTO usuario_rol (usuario_id, rol_id) VALUES (165, 3);
INSERT INTO usuario_rol (usuario_id, rol_id) VALUES (166, 3);
INSERT INTO usuario_rol (usuario_id, rol_id) VALUES (167, 3);
INSERT INTO usuario_rol (usuario_id, rol_id) VALUES (168, 3);
INSERT INTO usuario_rol (usuario_id, rol_id) VALUES (169, 3);
INSERT INTO usuario_rol (usuario_id, rol_id) VALUES (170, 3);

--Caterigoría
INSERT INTO categoria (id, nombre) VALUES (1, 'Categoría 1');
INSERT INTO categoria (id, nombre) VALUES (2, 'Categoría 2');
INSERT INTO categoria (id, nombre) VALUES (3, 'Categoría 3');
INSERT INTO categoria (id, nombre) VALUES (4, 'Categoría 4');
INSERT INTO categoria (id, nombre) VALUES (5, 'Categoría 5');

-- Cursos
INSERT INTO curso (id, titulo, descripcion, docente_id) VALUES (1, 'Programación Orientada a Objetos', 'Estudio de los principios de la programación orientada a objetos utilizando lenguajes como Java o C#.', 7);
INSERT INTO curso (id, titulo, descripcion, docente_id) VALUES (2, 'Bases de Datos I', 'Introducción al diseño, modelado e implementación de bases de datos relacionales con SQL.', 10);
INSERT INTO curso (id, titulo, descripcion, docente_id) VALUES (3, 'Estructuras de Datos', 'Análisis y aplicación de estructuras como listas, pilas, colas, árboles y grafos.', 11);
INSERT INTO curso (id, titulo, descripcion, docente_id) VALUES (4, 'Redes de Computadoras', 'Fundamentos de redes de datos, modelos OSI y TCP/IP, direccionamiento y protocolos de comunicación.', 12);
INSERT INTO curso (id, titulo, descripcion, docente_id) VALUES (5, 'Sistemas Operativos', 'Conceptos de procesos, concurrencia, manejo de memoria, sistemas de archivos y administración de recursos.', 15);
INSERT INTO curso (id, titulo, descripcion, docente_id) VALUES (6, 'Desarrollo Web', 'Diseño y desarrollo de aplicaciones web con tecnologías HTML, CSS, JavaScript y frameworks modernos.', 24);
INSERT INTO curso (id, titulo, descripcion, docente_id) VALUES (7, 'Inteligencia Artificial', 'Introducción a los algoritmos y técnicas de IA como búsqueda, lógica, redes neuronales y aprendizaje automático.', 25);
INSERT INTO curso (id, titulo, descripcion, docente_id) VALUES (8, 'Cálculo Diferencial', 'Estudio de funciones, límites, derivadas y aplicaciones del cálculo en una variable.', 29);
INSERT INTO curso (id, titulo, descripcion, docente_id) VALUES (9, 'Física General', 'Fundamentos de la física clásica: mecánica, termodinámica, electricidad y magnetismo.', 31);
INSERT INTO curso (id, titulo, descripcion, docente_id) VALUES (10, 'Algoritmos y Lógica de Programación', 'Desarrollo de habilidades para resolver problemas mediante algoritmos y estructuras básicas de control.', 34);
INSERT INTO curso (id, titulo, descripcion, docente_id) VALUES (11, 'Ética Profesional', 'Análisis de dilemas éticos en la práctica profesional y responsabilidad social del ingeniero.', 37);
INSERT INTO curso (id, titulo, descripcion, docente_id) VALUES (12, 'Administración de Proyectos', 'Gestión de proyectos de software utilizando metodologías ágiles y herramientas de planificación.', 39);
INSERT INTO curso (id, titulo, descripcion, docente_id) VALUES (13, 'Ingeniería de Software', 'Estudio del ciclo de vida del software, análisis, diseño, pruebas y mantenimiento.', 42);
INSERT INTO curso (id, titulo, descripcion, docente_id) VALUES (14, 'Arquitectura de Computadoras', 'Estructura interna de los computadores: CPU, memoria, buses y ensamblador.', 43);
INSERT INTO curso (id, titulo, descripcion, docente_id) VALUES (15, 'Seguridad Informática', 'Principios y prácticas para proteger sistemas de información ante amenazas y vulnerabilidades.', 45);
INSERT INTO curso (id, titulo, descripcion, docente_id) VALUES (16, 'Matemática Discreta', 'Lógica, conjuntos, relaciones, funciones, grafos y métodos de conteo aplicados a la informática.', 46);
INSERT INTO curso (id, titulo, descripcion, docente_id) VALUES (17, 'Análisis de Sistemas', 'Recolección y análisis de requerimientos para el desarrollo de sistemas de información.', 59);
INSERT INTO curso (id, titulo, descripcion, docente_id) VALUES (18, 'Gestión de la Información', 'Procesos y herramientas para capturar, organizar y analizar información digital.', 60);
INSERT INTO curso (id, titulo, descripcion, docente_id) VALUES (19, 'Minería de Datos', 'Técnicas para descubrir patrones útiles en grandes volúmenes de datos utilizando algoritmos avanzados.', 61);
INSERT INTO curso (id, titulo, descripcion, docente_id) VALUES (20, 'Diseño de Interfaces de Usuario', 'Principios de diseño centrado en el usuario, usabilidad y prototipado de interfaces gráficas.', 63);
INSERT INTO curso (id, titulo, descripcion, docente_id) VALUES (21, 'Modelado de Datos', 'Diseño lógico y físico de datos mediante modelos entidad-relación y normalización.', 68);
INSERT INTO curso (id, titulo, descripcion, docente_id) VALUES (22, 'Desarrollo de Aplicaciones Móviles', 'Creación de aplicaciones móviles para Android e iOS con frameworks como React Native o Flutter.', 70);
INSERT INTO curso (id, titulo, descripcion, docente_id) VALUES (23, 'Ingeniería de Requisitos', 'Técnicas para la recopilación, documentación y validación de requisitos de software.', 72);
INSERT INTO curso (id, titulo, descripcion, docente_id) VALUES (24, 'Computación en la Nube', 'Arquitectura, modelos de servicio y despliegue de aplicaciones en entornos cloud como AWS o Azure.', 75);
INSERT INTO curso (id, titulo, descripcion, docente_id) VALUES (25, 'Fundamentos de Machine Learning', 'Conceptos y algoritmos esenciales para que las computadoras aprendan de datos.', 76);
INSERT INTO curso (id, titulo, descripcion, docente_id) VALUES (26, 'Taller de Programación Web', 'Aplicación práctica de técnicas de desarrollo frontend y backend en proyectos web.', 79);
INSERT INTO curso (id, titulo, descripcion, docente_id) VALUES (27, 'Simulación y Modelado', 'Modelado de sistemas reales mediante simulaciones computacionales y análisis de resultados.', 80);
INSERT INTO curso (id, titulo, descripcion, docente_id) VALUES (28, 'Computación Gráfica', 'Técnicas para generar y manipular gráficos en 2D y 3D con algoritmos visuales.', 82);
INSERT INTO curso (id, titulo, descripcion, docente_id) VALUES (29, 'Criptografía y Seguridad de Redes', 'Estudio de técnicas criptográficas y mecanismos de protección de datos en redes de comunicación.', 83);
INSERT INTO curso (id, titulo, descripcion, docente_id) VALUES (30, 'Sistemas Distribuidos', 'Arquitectura y programación de sistemas distribuidos con múltiples nodos interconectados.', 84);
INSERT INTO curso (id, titulo, descripcion, docente_id) VALUES (31, 'Robótica y Automatización', 'Fundamentos del diseño y control de sistemas robóticos y automatización de procesos.', 91);
INSERT INTO curso (id, titulo, descripcion, docente_id) VALUES (32, 'Big Data y Análisis Avanzado', 'Procesamiento y análisis eficiente de grandes volúmenes de datos usando herramientas modernas.', 100);
-- Asignación de categorías a cursos
INSERT INTO curso_categoria (curso_categoria_id, curso_id, categoria_id) VALUES (1, 1, 2);
INSERT INTO curso_categoria (curso_categoria_id, curso_id, categoria_id) VALUES (2, 2, 4);
INSERT INTO curso_categoria (curso_categoria_id, curso_id, categoria_id) VALUES (3, 3, 3);
INSERT INTO curso_categoria (curso_categoria_id, curso_id, categoria_id) VALUES (4, 4, 5);
INSERT INTO curso_categoria (curso_categoria_id, curso_id, categoria_id) VALUES (5, 5, 4);
INSERT INTO curso_categoria (curso_categoria_id, curso_id, categoria_id) VALUES (6, 6, 2);
INSERT INTO curso_categoria (curso_categoria_id, curso_id, categoria_id) VALUES (7, 7, 3);
INSERT INTO curso_categoria (curso_categoria_id, curso_id, categoria_id) VALUES (8, 8, 3);
INSERT INTO curso_categoria (curso_categoria_id, curso_id, categoria_id) VALUES (9, 9, 4);
INSERT INTO curso_categoria (curso_categoria_id, curso_id, categoria_id) VALUES (10, 10, 2);
INSERT INTO curso_categoria (curso_categoria_id, curso_id, categoria_id) VALUES (11, 11, 3);
INSERT INTO curso_categoria (curso_categoria_id, curso_id, categoria_id) VALUES (12, 12, 4);
INSERT INTO curso_categoria (curso_categoria_id, curso_id, categoria_id) VALUES (13, 13, 5);
INSERT INTO curso_categoria (curso_categoria_id, curso_id, categoria_id) VALUES (14, 14, 3);
INSERT INTO curso_categoria (curso_categoria_id, curso_id, categoria_id) VALUES (15, 15, 5);
INSERT INTO curso_categoria (curso_categoria_id, curso_id, categoria_id) VALUES (16, 16, 1);
INSERT INTO curso_categoria (curso_categoria_id, curso_id, categoria_id) VALUES (17, 17, 5);
INSERT INTO curso_categoria (curso_categoria_id, curso_id, categoria_id) VALUES (18, 18, 3);
INSERT INTO curso_categoria (curso_categoria_id, curso_id, categoria_id) VALUES (19, 19, 2);
INSERT INTO curso_categoria (curso_categoria_id, curso_id, categoria_id) VALUES (20, 20, 2);
INSERT INTO curso_categoria (curso_categoria_id, curso_id, categoria_id) VALUES (21, 21, 5);
INSERT INTO curso_categoria (curso_categoria_id, curso_id, categoria_id) VALUES (22, 22, 2);
INSERT INTO curso_categoria (curso_categoria_id, curso_id, categoria_id) VALUES (23, 23, 5);
INSERT INTO curso_categoria (curso_categoria_id, curso_id, categoria_id) VALUES (24, 24, 3);
INSERT INTO curso_categoria (curso_categoria_id, curso_id, categoria_id) VALUES (25, 25, 5);
INSERT INTO curso_categoria (curso_categoria_id, curso_id, categoria_id) VALUES (26, 26, 2);
INSERT INTO curso_categoria (curso_categoria_id, curso_id, categoria_id) VALUES (27, 27, 4);
INSERT INTO curso_categoria (curso_categoria_id, curso_id, categoria_id) VALUES (28, 28, 2);
INSERT INTO curso_categoria (curso_categoria_id, curso_id, categoria_id) VALUES (29, 29, 3);
INSERT INTO curso_categoria (curso_categoria_id, curso_id, categoria_id) VALUES (30, 30, 1);
INSERT INTO curso_categoria (curso_categoria_id, curso_id, categoria_id) VALUES (31, 31, 3);
INSERT INTO curso_categoria (curso_categoria_id, curso_id, categoria_id) VALUES (32, 32, 2);

-- Módulos
INSERT INTO modulo (id, curso_id, titulo, descripcion, orden) VALUES (1, 1, 'Magni enim aspernatur.', 'Esse non fuga atque quidem et sed. Voluptas mollitia esse nihil dolores. Laudantium nihil accusamus similique error aliquam ipsam.', 1);
INSERT INTO modulo (id, curso_id, titulo, descripcion, orden) VALUES (2, 1, 'Facilis similique.', 'Quos similique velit at iusto aliquam. Rem odit voluptate cum omnis molestias similique.', 2);
INSERT INTO modulo (id, curso_id, titulo, descripcion, orden) VALUES (3, 2, 'Non tenetur.', 'Possimus beatae neque praesentium architecto. Molestiae optio voluptas dolore tempora dolorum.', 1);
INSERT INTO modulo (id, curso_id, titulo, descripcion, orden) VALUES (4, 2, 'Quidem modi minus.', 'Nam dicta amet iure eaque molestias. Occaecati velit vel corporis at exercitationem autem. Alias aliquid repellendus ducimus aspernatur ratione.', 2);
INSERT INTO modulo (id, curso_id, titulo, descripcion, orden) VALUES (5, 2, 'A sapiente sequi.', 'Delectus sapiente doloribus quibusdam culpa error modi. Illum eius ducimus odio animi. Perferendis nostrum at atque. Voluptates quia consequatur natus deserunt fugiat tempora.', 3);
INSERT INTO modulo (id, curso_id, titulo, descripcion, orden) VALUES (6, 3, 'Iusto maiores.', 'Aspernatur incidunt omnis cumque. Quis atque deleniti officia aspernatur quibusdam.', 1);
INSERT INTO modulo (id, curso_id, titulo, descripcion, orden) VALUES (7, 4, 'Facilis eos illo.', 'Sed nihil aut nemo nam non ad nihil. Placeat praesentium eum officia odit.', 1);
INSERT INTO modulo (id, curso_id, titulo, descripcion, orden) VALUES (8, 4, 'Et facere.', 'Voluptates et maxime quis. Numquam dicta optio inventore.', 2);
INSERT INTO modulo (id, curso_id, titulo, descripcion, orden) VALUES (9, 5, 'Vitae.', 'Quaerat maxime explicabo itaque dicta minima non.', 1);
INSERT INTO modulo (id, curso_id, titulo, descripcion, orden) VALUES (10, 5, 'Qui consequuntur est.', 'Quod blanditiis perspiciatis repellat. Delectus autem laborum. Deserunt accusamus porro impedit natus est consequuntur in.', 2);
INSERT INTO modulo (id, curso_id, titulo, descripcion, orden) VALUES (11, 6, 'Quasi fugit.', 'Minima nisi voluptatem occaecati. Similique deleniti nihil perspiciatis architecto temporibus.', 1);
INSERT INTO modulo (id, curso_id, titulo, descripcion, orden) VALUES (12, 6, 'Vel dignissimos incidunt.', 'Ipsum unde eligendi vero occaecati nulla. Magnam dolor ratione.', 2);
INSERT INTO modulo (id, curso_id, titulo, descripcion, orden) VALUES (13, 6, 'Omnis illo.', 'Sunt perspiciatis fugiat laboriosam dolorum. Aliquam pariatur illo assumenda praesentium recusandae delectus dignissimos. In cum neque neque nostrum.', 3);
INSERT INTO modulo (id, curso_id, titulo, descripcion, orden) VALUES (14, 7, 'Veritatis quam.', 'Quam repellendus non reprehenderit hic illo. Voluptas eaque laboriosam veritatis.', 1);
INSERT INTO modulo (id, curso_id, titulo, descripcion, orden) VALUES (15, 7, 'Natus cumque.', 'Dolorem ut excepturi sint vitae. Fugit aspernatur nisi laudantium nam. Nisi neque saepe corporis atque.', 2);
INSERT INTO modulo (id, curso_id, titulo, descripcion, orden) VALUES (16, 7, 'Quia.', 'Soluta hic voluptatibus fugiat dolorum. Eos asperiores explicabo libero neque at exercitationem. Dolores quidem non.', 3);
INSERT INTO modulo (id, curso_id, titulo, descripcion, orden) VALUES (17, 8, 'Dolor necessitatibus.', 'Fugiat sed cumque reiciendis numquam voluptatum aperiam. Quo eaque magni nam assumenda cumque ab. Vero aliquid repellat qui debitis debitis.', 1);
INSERT INTO modulo (id, curso_id, titulo, descripcion, orden) VALUES (18, 8, 'Voluptas consequatur.', 'Voluptas corrupti quisquam deserunt magni. Voluptate eos a quasi dicta sapiente.', 2);
INSERT INTO modulo (id, curso_id, titulo, descripcion, orden) VALUES (19, 8, 'Laudantium et.', 'Maxime magni explicabo error magni sit.', 3);
INSERT INTO modulo (id, curso_id, titulo, descripcion, orden) VALUES (20, 9, 'Cupiditate aperiam.', 'Exercitationem tempora quia maxime dignissimos. Vel fuga nobis cupiditate. Laborum accusantium consequuntur voluptas odio aspernatur.', 1);
INSERT INTO modulo (id, curso_id, titulo, descripcion, orden) VALUES (21, 9, 'Adipisci libero eius.', 'Sit error odit voluptates. Magni numquam vero vero mollitia perspiciatis.', 2);
INSERT INTO modulo (id, curso_id, titulo, descripcion, orden) VALUES (22, 10, 'Beatae inventore itaque iste.', 'Soluta rem reprehenderit aspernatur eveniet iure animi. Nobis maiores minima eaque sapiente aliquid.', 1);
INSERT INTO modulo (id, curso_id, titulo, descripcion, orden) VALUES (23, 10, 'Fuga laudantium at.', 'Fugit quisquam sunt expedita eaque doloremque neque. Nemo ullam aliquam consequuntur mollitia consequuntur. Accusamus eos nesciunt deleniti ullam sunt consequatur eum. Reprehenderit odit nostrum placeat rem dolorem.', 2);
INSERT INTO modulo (id, curso_id, titulo, descripcion, orden) VALUES (24, 11, 'Neque facere magnam.', 'Voluptates harum reiciendis ipsam autem incidunt.', 1);
INSERT INTO modulo (id, curso_id, titulo, descripcion, orden) VALUES (25, 11, 'Voluptates eius assumenda.', 'Eveniet at non provident. Facere fugiat debitis.', 2);
INSERT INTO modulo (id, curso_id, titulo, descripcion, orden) VALUES (26, 12, 'Quasi dolorem optio.', 'Saepe ipsam laborum illum officia asperiores. Cumque iste atque perspiciatis odit omnis necessitatibus temporibus.', 1);
INSERT INTO modulo (id, curso_id, titulo, descripcion, orden) VALUES (27, 12, 'Eaque exercitationem laborum.', 'Facere temporibus quia animi. Rerum at excepturi.', 2);
INSERT INTO modulo (id, curso_id, titulo, descripcion, orden) VALUES (28, 13, 'Ullam minima sint.', 'Nesciunt vel velit ipsa dolor earum doloribus non. Animi quae at saepe. Sed beatae eveniet a.', 1);
INSERT INTO modulo (id, curso_id, titulo, descripcion, orden) VALUES (29, 14, 'Reiciendis labore quo.', 'Beatae doloribus commodi aut harum quos incidunt. Exercitationem nisi ipsa eligendi. Nam quia aliquam enim dolorum.', 1);
INSERT INTO modulo (id, curso_id, titulo, descripcion, orden) VALUES (30, 15, 'Dolorem nostrum vel quas.', 'Iusto necessitatibus natus sint quaerat minima. Autem quo deserunt fugit distinctio. Veritatis quibusdam aliquid ratione.', 1);
INSERT INTO modulo (id, curso_id, titulo, descripcion, orden) VALUES (31, 15, 'Laboriosam reiciendis.', 'Ducimus repudiandae corrupti distinctio soluta ex consequatur at. Expedita nam praesentium. Optio provident sit eos tenetur nisi iusto.', 2);
INSERT INTO modulo (id, curso_id, titulo, descripcion, orden) VALUES (32, 16, 'Perspiciatis sunt exercitationem.', 'Reiciendis deleniti deleniti nulla vitae. Accusantium illum earum enim eveniet adipisci occaecati repellat.', 1);
INSERT INTO modulo (id, curso_id, titulo, descripcion, orden) VALUES (33, 17, 'Placeat exercitationem culpa repellendus.', 'Atque ipsam autem officiis repellat. Quo repellat asperiores eligendi.', 1);
INSERT INTO modulo (id, curso_id, titulo, descripcion, orden) VALUES (34, 18, 'Maiores eum.', 'Debitis minima dicta qui quidem. Quaerat voluptatibus sapiente distinctio sit ex. Deleniti veritatis consectetur magnam voluptate esse aliquam praesentium.', 1);
INSERT INTO modulo (id, curso_id, titulo, descripcion, orden) VALUES (35, 18, 'Qui aliquam.', 'Ratione quod saepe sunt sunt exercitationem. Impedit hic ut maiores neque.', 2);
INSERT INTO modulo (id, curso_id, titulo, descripcion, orden) VALUES (36, 18, 'Ullam deleniti consequuntur.', 'Suscipit consectetur a natus fugit dignissimos. Officia vitae dolores dicta sequi voluptates porro. Natus nam exercitationem. Modi illum ad ex error.', 3);
INSERT INTO modulo (id, curso_id, titulo, descripcion, orden) VALUES (37, 19, 'Accusamus laudantium.', 'Deleniti minima quis totam expedita. Rem vero error similique. Voluptatum nisi fugiat velit saepe nobis. Doloribus illo asperiores quam libero.', 1);
INSERT INTO modulo (id, curso_id, titulo, descripcion, orden) VALUES (38, 19, 'Eos suscipit consectetur autem.', 'Non suscipit numquam iure vel.', 2);
INSERT INTO modulo (id, curso_id, titulo, descripcion, orden) VALUES (39, 19, 'Delectus distinctio deleniti dicta.', 'Ex iusto temporibus vitae quae. Necessitatibus voluptatem praesentium.', 3);
INSERT INTO modulo (id, curso_id, titulo, descripcion, orden) VALUES (40, 20, 'Porro vero voluptatum minima.', 'Odio cumque molestiae voluptas molestiae temporibus. Dolores veritatis veritatis minima maiores nemo doloremque.', 1);
INSERT INTO modulo (id, curso_id, titulo, descripcion, orden) VALUES (41, 20, 'Aperiam est doloribus.', 'Possimus officia esse cum ea cum quisquam. Iure officiis nihil consequatur in. Quibusdam dignissimos officia eligendi labore iste.', 2);
INSERT INTO modulo (id, curso_id, titulo, descripcion, orden) VALUES (42, 20, 'Sint inventore.', 'Repellat facere labore quas rem. Sint reiciendis voluptate odit.', 3);
INSERT INTO modulo (id, curso_id, titulo, descripcion, orden) VALUES (43, 21, 'Velit placeat magni.', 'Sapiente quia consequuntur quod itaque necessitatibus. Accusamus consequuntur ex expedita aut non.', 1);
INSERT INTO modulo (id, curso_id, titulo, descripcion, orden) VALUES (44, 22, 'Consequatur deleniti laboriosam.', 'Consequatur dolor nisi culpa officiis explicabo nam fugit. Neque commodi sapiente adipisci possimus delectus architecto dolor. Provident ab autem enim quasi commodi.', 1);
INSERT INTO modulo (id, curso_id, titulo, descripcion, orden) VALUES (45, 23, 'Facilis earum quia.', 'Libero vel veritatis tempora officia facilis quasi rem. Fugit adipisci qui consequuntur velit repellat aut ducimus. Dolores corporis soluta dolorum.', 1);
INSERT INTO modulo (id, curso_id, titulo, descripcion, orden) VALUES (46, 24, 'Quam ipsa.', 'Dicta accusantium quae magnam temporibus possimus. Aut pariatur aliquid. Cum laborum sit quo soluta ab fuga fugiat. Ab maxime deserunt aliquid debitis.', 1);
INSERT INTO modulo (id, curso_id, titulo, descripcion, orden) VALUES (47, 24, 'Aliquam laudantium voluptate.', 'Doloremque ex consequatur officiis vero. Hic quisquam veniam vitae tempore. Exercitationem autem voluptates.', 2);
INSERT INTO modulo (id, curso_id, titulo, descripcion, orden) VALUES (48, 24, 'Amet sint consequuntur quidem.', 'Inventore quibusdam corporis enim ullam aspernatur alias. Nam minima libero repellat hic.', 3);
INSERT INTO modulo (id, curso_id, titulo, descripcion, orden) VALUES (49, 25, 'Sed ipsum odit.', 'Fugiat quas dolor perspiciatis explicabo nihil beatae. Illo autem sed dolore explicabo culpa.', 1);
INSERT INTO modulo (id, curso_id, titulo, descripcion, orden) VALUES (50, 26, 'Odit dicta.', 'Reiciendis aut expedita sit repudiandae quasi voluptate porro.', 1);
INSERT INTO modulo (id, curso_id, titulo, descripcion, orden) VALUES (51, 26, 'Ut nihil.', 'Provident praesentium consequatur occaecati. Odit exercitationem earum dignissimos praesentium culpa eius. Perferendis delectus quod atque.', 2);
INSERT INTO modulo (id, curso_id, titulo, descripcion, orden) VALUES (52, 26, 'Possimus nesciunt non.', 'Harum vel est. Molestiae repellendus nihil. Rem corrupti dolores iure.', 3);
INSERT INTO modulo (id, curso_id, titulo, descripcion, orden) VALUES (53, 27, 'Eligendi atque doloribus.', 'A nulla beatae harum. Ipsum id nobis quasi qui ex.', 1);
INSERT INTO modulo (id, curso_id, titulo, descripcion, orden) VALUES (54, 28, 'Quae aliquid.', 'A nihil ad iste aliquid. Est deleniti illo eum voluptate a.', 1);
INSERT INTO modulo (id, curso_id, titulo, descripcion, orden) VALUES (55, 28, 'Modi eaque.', 'Iste in aperiam et omnis quisquam cupiditate. Cupiditate rerum harum corporis asperiores quis quae.', 2);
INSERT INTO modulo (id, curso_id, titulo, descripcion, orden) VALUES (56, 28, 'Suscipit ipsa.', 'Ipsam ipsa architecto voluptate repudiandae. Impedit natus esse. Error dolores incidunt nulla blanditiis. Natus eius perferendis.', 3);
INSERT INTO modulo (id, curso_id, titulo, descripcion, orden) VALUES (57, 29, 'Nostrum eos quas.', 'Deserunt eos explicabo totam. Deleniti quaerat nihil quaerat. Vero porro tempora.', 1);
INSERT INTO modulo (id, curso_id, titulo, descripcion, orden) VALUES (58, 29, 'Commodi maxime.', 'Quas a facere modi minima quos. Doloremque dolorum voluptas nihil sapiente voluptas consequatur. Hic quam nobis suscipit corporis fuga.', 2);
INSERT INTO modulo (id, curso_id, titulo, descripcion, orden) VALUES (59, 30, 'Adipisci deserunt similique.', 'Corrupti perferendis excepturi doloremque ea excepturi. Molestiae totam cupiditate ratione ullam qui nisi.', 1);
INSERT INTO modulo (id, curso_id, titulo, descripcion, orden) VALUES (60, 30, 'Maxime.', 'Illo eveniet nemo ut. Officia temporibus cumque. Nostrum tempore eum necessitatibus quia totam impedit et.', 2);
INSERT INTO modulo (id, curso_id, titulo, descripcion, orden) VALUES (61, 30, 'Deleniti maiores assumenda.', 'Corrupti qui aut iste sequi ab ullam ex. Architecto maxime quo. Porro laboriosam tempora quas aut saepe.', 3);
INSERT INTO modulo (id, curso_id, titulo, descripcion, orden) VALUES (62, 31, 'Itaque ipsa voluptatem.', 'Facilis officia accusamus nesciunt facilis in quis. Magnam sint quam reprehenderit.', 1);
INSERT INTO modulo (id, curso_id, titulo, descripcion, orden) VALUES (63, 32, 'Tempora eveniet.', 'Tempora atque sequi veniam laboriosam similique delectus. Adipisci hic repudiandae corrupti.', 1);

-- Tareas
INSERT INTO tarea (id, modulo_id, titulo, descripcion, fecha_entrega) VALUES (1, 1, 'Reiciendis quia cum.', 'Nulla voluptate blanditiis. Dignissimos dolorum itaque blanditiis aliquid exercitationem. Dignissimos provident autem alias laborum adipisci optio reprehenderit.', '2025-07-21T15:09:36');
INSERT INTO tarea (id, modulo_id, titulo, descripcion, fecha_entrega) VALUES (2, 1, 'Nam.', 'Est nobis occaecati veniam fuga reiciendis perspiciatis. Deleniti recusandae tempora optio. Eum omnis aliquid deserunt eius delectus.', '2025-07-21T21:01:24');
INSERT INTO tarea (id, modulo_id, titulo, descripcion, fecha_entrega) VALUES (3, 2, 'Maxime officia odio.', 'Quaerat dolorem iste est mollitia eveniet. Voluptatem sapiente officiis id voluptates architecto blanditiis.', '2025-07-26T23:40:52');
INSERT INTO tarea (id, modulo_id, titulo, descripcion, fecha_entrega) VALUES (4, 3, 'Est nemo tempora.', 'Aliquam corrupti ipsum eum. Reprehenderit sit cumque. Ad quis dignissimos velit ipsam unde.', '2025-07-26T18:13:09');
INSERT INTO tarea (id, modulo_id, titulo, descripcion, fecha_entrega) VALUES (5, 3, 'Fugit accusamus blanditiis.', 'Repudiandae tempore earum atque voluptatem impedit iure. Accusamus ipsum accusamus nihil.', '2025-08-07T15:08:33');
INSERT INTO tarea (id, modulo_id, titulo, descripcion, fecha_entrega) VALUES (6, 3, 'Animi molestiae.', 'Numquam quis distinctio culpa laborum. Totam similique illum aut.', '2025-07-28T22:28:31');
INSERT INTO tarea (id, modulo_id, titulo, descripcion, fecha_entrega) VALUES (7, 4, 'Ullam ea qui expedita.', 'Quibusdam autem dolores molestias incidunt sapiente. Eveniet voluptatum sint ea quod. Amet ab voluptatem aliquam molestias maxime.', '2025-07-27T01:27:58');
INSERT INTO tarea (id, modulo_id, titulo, descripcion, fecha_entrega) VALUES (8, 4, 'Possimus omnis perferendis.', 'Esse dolores deleniti necessitatibus porro pariatur. Temporibus similique consequuntur laborum rem optio. Officia similique id aut cum dolore occaecati.', '2025-07-27T16:24:49');
INSERT INTO tarea (id, modulo_id, titulo, descripcion, fecha_entrega) VALUES (9, 4, 'Exercitationem rem neque.', 'Minus suscipit error temporibus quam. Mollitia sed velit quos ipsam expedita. Recusandae sit voluptatem provident enim excepturi.', '2025-08-02T01:31:52');
INSERT INTO tarea (id, modulo_id, titulo, descripcion, fecha_entrega) VALUES (10, 5, 'Mollitia itaque eligendi.', 'Molestiae recusandae rerum perspiciatis. Dolorem ipsum corrupti dolores sit.', '2025-07-28T20:49:50');
INSERT INTO tarea (id, modulo_id, titulo, descripcion, fecha_entrega) VALUES (11, 5, 'Doloribus unde.', 'Fuga libero error ut deserunt voluptatibus. Adipisci voluptate dolorem distinctio explicabo natus.', '2025-08-02T22:40:02');
INSERT INTO tarea (id, modulo_id, titulo, descripcion, fecha_entrega) VALUES (12, 6, 'Excepturi alias deleniti.', 'Minus nihil laborum. Eveniet hic enim neque consectetur. Est nesciunt excepturi blanditiis iusto officia.', '2025-08-13T08:45:23');
INSERT INTO tarea (id, modulo_id, titulo, descripcion, fecha_entrega) VALUES (13, 7, 'Fugit tenetur.', 'Nulla quam in quaerat nam.', '2025-08-07T05:04:34');
INSERT INTO tarea (id, modulo_id, titulo, descripcion, fecha_entrega) VALUES (14, 7, 'Qui labore quasi.', 'Eligendi non officiis debitis impedit voluptatibus. Placeat molestias sunt quam.', '2025-08-05T10:49:40');
INSERT INTO tarea (id, modulo_id, titulo, descripcion, fecha_entrega) VALUES (15, 8, 'Eveniet quos.', 'Enim molestiae repudiandae quam aperiam ducimus odit. Debitis alias tempore. Quaerat sequi maxime iusto quos. Blanditiis quam quod veritatis sit quas suscipit maiores.', '2025-07-18T10:37:41');
INSERT INTO tarea (id, modulo_id, titulo, descripcion, fecha_entrega) VALUES (16, 8, 'Doloremque eaque.', 'Iste veritatis blanditiis exercitationem. Nemo eius dolor. Eius illum aspernatur facilis repellat porro repellendus quisquam.', '2025-08-07T12:42:41');
INSERT INTO tarea (id, modulo_id, titulo, descripcion, fecha_entrega) VALUES (17, 9, 'Possimus esse.', 'Officia ad totam magnam nostrum aliquam. Dolorem modi porro perspiciatis.', '2025-08-08T21:43:40');
INSERT INTO tarea (id, modulo_id, titulo, descripcion, fecha_entrega) VALUES (18, 9, 'Quo asperiores.', 'Ratione delectus a dignissimos consequatur et consequatur reprehenderit. Officia temporibus quis repellendus.', '2025-07-22T10:56:57');
INSERT INTO tarea (id, modulo_id, titulo, descripcion, fecha_entrega) VALUES (19, 9, 'Similique non tempora.', 'Quam qui quos. Aut quidem eligendi reprehenderit impedit quis. Doloremque esse excepturi id non blanditiis minus.', '2025-08-09T06:28:14');
INSERT INTO tarea (id, modulo_id, titulo, descripcion, fecha_entrega) VALUES (20, 10, 'Fuga illo impedit.', 'Repellendus delectus totam aut aperiam excepturi. Deleniti quae aspernatur iure itaque ducimus.', '2025-07-30T03:11:34');
INSERT INTO tarea (id, modulo_id, titulo, descripcion, fecha_entrega) VALUES (21, 11, 'Laudantium facere.', 'Similique blanditiis omnis laboriosam eos quibusdam error.', '2025-08-03T14:48:12');
INSERT INTO tarea (id, modulo_id, titulo, descripcion, fecha_entrega) VALUES (22, 12, 'Atque exercitationem provident.', 'Provident labore cupiditate quisquam rerum. Quibusdam nostrum quam et veritatis quibusdam error. Ullam facilis nesciunt repudiandae soluta cumque.', '2025-07-24T12:27:40');
INSERT INTO tarea (id, modulo_id, titulo, descripcion, fecha_entrega) VALUES (23, 13, 'Porro saepe unde.', 'Adipisci ab facilis voluptatum ullam corporis repellendus. Ab minus provident velit consectetur. Fugiat asperiores eius molestias.', '2025-08-12T19:13:00');
INSERT INTO tarea (id, modulo_id, titulo, descripcion, fecha_entrega) VALUES (24, 14, 'Esse harum tenetur.', 'Minus et nisi debitis vero laborum. Dolore pariatur error ullam praesentium earum temporibus. Expedita tempora repudiandae a.', '2025-07-15T06:37:33');
INSERT INTO tarea (id, modulo_id, titulo, descripcion, fecha_entrega) VALUES (25, 14, 'Dignissimos minima.', 'Neque molestiae nulla ipsum accusantium. Beatae est ipsum labore.', '2025-07-16T15:19:38');
INSERT INTO tarea (id, modulo_id, titulo, descripcion, fecha_entrega) VALUES (26, 15, 'Perspiciatis autem.', 'Asperiores alias eveniet quibusdam rerum.', '2025-08-12T04:22:58');
INSERT INTO tarea (id, modulo_id, titulo, descripcion, fecha_entrega) VALUES (27, 15, 'Odio deleniti officiis.', 'Sapiente quia accusantium in unde error odio doloribus. Laboriosam quo accusantium at. Nostrum quisquam unde atque temporibus expedita amet.', '2025-08-03T12:03:48');
INSERT INTO tarea (id, modulo_id, titulo, descripcion, fecha_entrega) VALUES (28, 16, 'Doloremque quidem nulla.', 'Modi quo distinctio. Animi nemo quasi quos.', '2025-08-08T12:38:20');
INSERT INTO tarea (id, modulo_id, titulo, descripcion, fecha_entrega) VALUES (29, 16, 'Facilis reprehenderit dolor.', 'Libero quis nihil quas dolores. Nesciunt dicta facilis quia consectetur odit eius nesciunt. Porro tempore quis error.', '2025-07-16T10:56:19');
INSERT INTO tarea (id, modulo_id, titulo, descripcion, fecha_entrega) VALUES (30, 17, 'Tempore magnam quidem ipsum.', 'Magnam qui aspernatur repellat aspernatur vitae. Quod blanditiis delectus iste praesentium sunt.', '2025-08-13T01:00:57');
INSERT INTO tarea (id, modulo_id, titulo, descripcion, fecha_entrega) VALUES (31, 17, 'Aspernatur delectus.', 'Corporis fugit fugit ratione saepe non. Magni in omnis repellat consectetur.', '2025-08-05T16:45:48');
INSERT INTO tarea (id, modulo_id, titulo, descripcion, fecha_entrega) VALUES (32, 18, 'Porro eveniet fugit.', 'Ea sed tempora officia qui sunt velit occaecati. Sit possimus ratione mollitia.', '2025-07-20T02:21:34');
INSERT INTO tarea (id, modulo_id, titulo, descripcion, fecha_entrega) VALUES (33, 18, 'Eos commodi facilis.', 'Molestiae eligendi possimus nostrum ab odit. Hic maiores fugiat a voluptatem vel ducimus. Necessitatibus quo quis.', '2025-08-03T05:15:42');
INSERT INTO tarea (id, modulo_id, titulo, descripcion, fecha_entrega) VALUES (34, 18, 'Ratione asperiores.', 'Laboriosam consectetur aspernatur nesciunt velit dolorum saepe. Excepturi consequuntur a. Commodi velit hic.', '2025-08-13T11:17:52');
INSERT INTO tarea (id, modulo_id, titulo, descripcion, fecha_entrega) VALUES (35, 19, 'Corporis excepturi optio.', 'Illo saepe atque placeat. Necessitatibus reiciendis repellat distinctio. Eius laudantium cumque ipsum adipisci.', '2025-08-02T21:50:03');
INSERT INTO tarea (id, modulo_id, titulo, descripcion, fecha_entrega) VALUES (36, 20, 'Porro dolore.', 'A perspiciatis vel deserunt ab. Sequi neque quibusdam occaecati.', '2025-07-15T02:34:49');
INSERT INTO tarea (id, modulo_id, titulo, descripcion, fecha_entrega) VALUES (37, 20, 'Aspernatur libero totam.', 'Aperiam autem ut corporis. Sint dolor praesentium natus voluptates nobis.', '2025-08-08T18:54:18');
INSERT INTO tarea (id, modulo_id, titulo, descripcion, fecha_entrega) VALUES (38, 20, 'Soluta atque qui.', 'Odit voluptatem at odit sed natus. Minus facilis tempora dolorem ducimus corrupti. Facere rerum nulla earum repellat amet rem. Reprehenderit ullam expedita quidem quisquam.', '2025-07-23T17:46:19');
INSERT INTO tarea (id, modulo_id, titulo, descripcion, fecha_entrega) VALUES (39, 21, 'Laudantium aspernatur facilis.', 'Nulla velit cum voluptatem. Tempore sint repellendus cupiditate libero natus aspernatur. Error veniam aspernatur quasi fugiat quam.', '2025-07-20T13:42:28');
INSERT INTO tarea (id, modulo_id, titulo, descripcion, fecha_entrega) VALUES (40, 21, 'Officia dicta ab.', 'Odit nostrum cumque est esse voluptas. Laborum pariatur delectus excepturi labore fuga. Ut libero a voluptatum corporis eveniet odio.', '2025-08-13T06:18:04');
INSERT INTO tarea (id, modulo_id, titulo, descripcion, fecha_entrega) VALUES (41, 21, 'Possimus vel quisquam.', 'Exercitationem minus accusantium culpa iusto nesciunt earum. Libero fugit reprehenderit quia rerum tempore consectetur fugiat. Rerum amet similique reiciendis minus repudiandae sunt quasi.', '2025-07-22T13:23:04');
INSERT INTO tarea (id, modulo_id, titulo, descripcion, fecha_entrega) VALUES (42, 22, 'Quae rerum necessitatibus numquam.', 'Distinctio fugit et ipsum maiores. Veniam voluptates corrupti at. Fugiat consequatur possimus fugit optio ipsam ipsum.', '2025-07-23T09:19:18');
INSERT INTO tarea (id, modulo_id, titulo, descripcion, fecha_entrega) VALUES (43, 22, 'Error earum consectetur.', 'Tempore at possimus est. Quas quae veritatis iusto deleniti soluta.', '2025-07-24T04:32:23');
INSERT INTO tarea (id, modulo_id, titulo, descripcion, fecha_entrega) VALUES (44, 23, 'Quas pariatur quasi.', 'Soluta corporis unde natus.', '2025-07-30T17:02:16');
INSERT INTO tarea (id, modulo_id, titulo, descripcion, fecha_entrega) VALUES (45, 23, 'Voluptate necessitatibus quisquam.', 'Tenetur magnam ipsam ex voluptatem autem aperiam. Odio dolorem esse facilis rem.', '2025-08-04T14:16:22');
INSERT INTO tarea (id, modulo_id, titulo, descripcion, fecha_entrega) VALUES (46, 24, 'Commodi voluptate suscipit.', 'Officiis dicta dignissimos dolor earum. Esse odio ipsa officiis labore quas impedit explicabo. Ex natus non animi aliquam libero vel.', '2025-07-29T03:40:22');
INSERT INTO tarea (id, modulo_id, titulo, descripcion, fecha_entrega) VALUES (47, 25, 'Nam beatae.', 'Excepturi nihil non suscipit sed occaecati. Omnis eius cupiditate numquam odio.', '2025-07-14T13:53:25');
INSERT INTO tarea (id, modulo_id, titulo, descripcion, fecha_entrega) VALUES (48, 26, 'Asperiores quo quidem.', 'Illum ab possimus earum exercitationem mollitia. A ducimus et repudiandae explicabo. Provident nesciunt eaque totam accusantium.', '2025-07-24T03:35:39');
INSERT INTO tarea (id, modulo_id, titulo, descripcion, fecha_entrega) VALUES (49, 27, 'Numquam occaecati.', 'Necessitatibus quo quisquam explicabo sint expedita.', '2025-08-11T06:49:31');
INSERT INTO tarea (id, modulo_id, titulo, descripcion, fecha_entrega) VALUES (50, 27, 'Quisquam quis numquam.', 'Optio magni voluptatum architecto placeat nostrum. Molestiae porro ipsa necessitatibus.', '2025-07-28T22:48:58');
INSERT INTO tarea (id, modulo_id, titulo, descripcion, fecha_entrega) VALUES (51, 28, 'Corrupti quaerat veritatis.', 'Et nisi atque perspiciatis. Harum sint possimus est ex. Nam ipsa dolorem ratione dolore et quasi.', '2025-07-15T17:02:00');
INSERT INTO tarea (id, modulo_id, titulo, descripcion, fecha_entrega) VALUES (52, 28, 'Animi recusandae dolorum impedit.', 'Ducimus odio tempora quae aut sint est reiciendis. Consectetur voluptatibus suscipit.', '2025-07-16T11:43:52');
INSERT INTO tarea (id, modulo_id, titulo, descripcion, fecha_entrega) VALUES (53, 29, 'Illum at.', 'Sunt veritatis error voluptate praesentium. Quod veniam soluta vitae esse. Velit veniam tempore necessitatibus.', '2025-08-11T15:48:35');
INSERT INTO tarea (id, modulo_id, titulo, descripcion, fecha_entrega) VALUES (54, 29, 'Veniam dolores maiores.', 'Enim officiis distinctio ipsa sapiente. Dignissimos ratione eos ipsam commodi ut sapiente reiciendis. Accusantium inventore quas.', '2025-08-08T07:17:11');
INSERT INTO tarea (id, modulo_id, titulo, descripcion, fecha_entrega) VALUES (55, 29, 'Reprehenderit doloremque.', 'Voluptas unde inventore repudiandae facilis sunt cumque. Earum consequuntur culpa voluptas fugit quae neque.', '2025-07-18T19:10:22');
INSERT INTO tarea (id, modulo_id, titulo, descripcion, fecha_entrega) VALUES (56, 30, 'Possimus ad porro.', 'Aliquam magnam mollitia debitis.', '2025-08-06T14:41:19');
INSERT INTO tarea (id, modulo_id, titulo, descripcion, fecha_entrega) VALUES (57, 30, 'Ipsam dicta debitis.', 'Molestiae adipisci sequi ex fugit molestiae. Itaque occaecati sunt aspernatur impedit ipsa.', '2025-07-18T23:23:24');
INSERT INTO tarea (id, modulo_id, titulo, descripcion, fecha_entrega) VALUES (58, 31, 'Voluptatem porro at.', 'Accusantium ex repellendus dolores ipsam. Voluptatum rerum corrupti aliquam. Dicta facere officiis excepturi dolore eos accusantium.', '2025-07-16T00:07:15');
INSERT INTO tarea (id, modulo_id, titulo, descripcion, fecha_entrega) VALUES (59, 32, 'Ab eos.', 'Recusandae distinctio quidem consequatur recusandae molestiae dignissimos. A velit id repellendus laboriosam praesentium quae.', '2025-08-11T01:36:05');
INSERT INTO tarea (id, modulo_id, titulo, descripcion, fecha_entrega) VALUES (60, 33, 'Est laborum doloremque.', 'Incidunt debitis odio nulla eligendi. Mollitia accusantium quae laboriosam. Sed natus nam reiciendis natus.', '2025-08-07T01:37:41');
INSERT INTO tarea (id, modulo_id, titulo, descripcion, fecha_entrega) VALUES (61, 33, 'Hic repellat magni.', 'Dolores libero autem dolor voluptatem voluptatem. Deleniti delectus voluptatem voluptate. Modi ipsa maxime.', '2025-08-05T12:44:54');
INSERT INTO tarea (id, modulo_id, titulo, descripcion, fecha_entrega) VALUES (62, 33, 'Suscipit sint nam.', 'Quaerat labore neque aliquid sit. Minima pariatur culpa sit at laboriosam.', '2025-08-09T06:57:18');
INSERT INTO tarea (id, modulo_id, titulo, descripcion, fecha_entrega) VALUES (63, 34, 'Veritatis blanditiis porro.', 'Ipsa temporibus tempore aliquam recusandae nemo. Eos doloribus unde in explicabo nobis in vero. Dolor facilis voluptate.', '2025-07-20T10:18:09');
INSERT INTO tarea (id, modulo_id, titulo, descripcion, fecha_entrega) VALUES (64, 34, 'Impedit dolor.', 'Nisi aut illum dignissimos. Vitae repellat suscipit dolores fugit harum cumque odio. Impedit recusandae totam suscipit. Minus reprehenderit maiores.', '2025-08-05T05:26:59');
INSERT INTO tarea (id, modulo_id, titulo, descripcion, fecha_entrega) VALUES (65, 34, 'Error ullam.', 'Ipsam voluptate optio illum quaerat. Animi dolorem laborum asperiores sint veniam. Aliquam aspernatur praesentium aut aut assumenda.', '2025-08-08T13:01:43');
INSERT INTO tarea (id, modulo_id, titulo, descripcion, fecha_entrega) VALUES (66, 35, 'Natus qui.', 'Neque sit tempore modi itaque. Nobis debitis numquam vero.', '2025-07-21T14:01:03');
INSERT INTO tarea (id, modulo_id, titulo, descripcion, fecha_entrega) VALUES (67, 35, 'Nisi recusandae alias quam.', 'Quis qui nulla impedit at rerum. Ratione voluptatum quas amet eaque recusandae neque deleniti. Dolorum officiis labore ipsam.', '2025-08-05T23:41:04');
INSERT INTO tarea (id, modulo_id, titulo, descripcion, fecha_entrega) VALUES (68, 35, 'Sequi et.', 'Pariatur ad nulla. Vero doloremque eum suscipit maxime sed autem. Voluptate facere porro eligendi maiores nostrum deserunt. Tempore id deleniti eaque autem placeat.', '2025-07-23T18:03:37');
INSERT INTO tarea (id, modulo_id, titulo, descripcion, fecha_entrega) VALUES (69, 36, 'Velit sapiente libero.', 'Nam sint sapiente. Pariatur esse iusto quia eveniet minima.', '2025-07-20T21:33:33');
INSERT INTO tarea (id, modulo_id, titulo, descripcion, fecha_entrega) VALUES (70, 36, 'Ratione eveniet voluptatem.', 'Asperiores sint consectetur pariatur. Id est illum exercitationem. Eius reprehenderit beatae aperiam perferendis nemo.', '2025-07-22T01:41:28');
INSERT INTO tarea (id, modulo_id, titulo, descripcion, fecha_entrega) VALUES (71, 36, 'Asperiores placeat ex.', 'Doloribus sequi optio quisquam sint earum.', '2025-07-18T21:31:48');
INSERT INTO tarea (id, modulo_id, titulo, descripcion, fecha_entrega) VALUES (72, 37, 'Optio culpa adipisci.', 'Deserunt officia corporis.', '2025-07-21T09:58:01');
INSERT INTO tarea (id, modulo_id, titulo, descripcion, fecha_entrega) VALUES (73, 37, 'Praesentium distinctio dolorum.', 'Illo dolores est exercitationem illo in. Corporis eaque sit cupiditate natus. Ipsam dignissimos possimus eaque.', '2025-07-14T15:21:14');
INSERT INTO tarea (id, modulo_id, titulo, descripcion, fecha_entrega) VALUES (74, 37, 'Totam accusantium ipsum.', 'Nulla accusamus quia similique nam laboriosam. Magni nostrum consequuntur corrupti nulla soluta ipsum impedit.', '2025-07-22T14:46:21');
INSERT INTO tarea (id, modulo_id, titulo, descripcion, fecha_entrega) VALUES (75, 38, 'Blanditiis sapiente necessitatibus.', 'Doloribus dolore iusto natus nemo. Iure in ipsam.', '2025-07-15T10:44:36');
INSERT INTO tarea (id, modulo_id, titulo, descripcion, fecha_entrega) VALUES (76, 38, 'Optio ipsa labore.', 'Architecto at aspernatur blanditiis aliquam eligendi odit. Corrupti amet quos exercitationem sed quia et. Consequuntur quidem repellat qui.', '2025-07-30T16:55:09');
INSERT INTO tarea (id, modulo_id, titulo, descripcion, fecha_entrega) VALUES (77, 38, 'In quasi.', 'Provident corrupti quia sapiente. Asperiores consequatur corrupti rem vero.', '2025-07-17T18:02:02');
INSERT INTO tarea (id, modulo_id, titulo, descripcion, fecha_entrega) VALUES (78, 39, 'Voluptatem doloremque quaerat.', 'Consequuntur laboriosam odit magni id. Tempora error fuga corrupti.', '2025-07-30T00:17:11');
INSERT INTO tarea (id, modulo_id, titulo, descripcion, fecha_entrega) VALUES (79, 40, 'Voluptas optio deserunt.', 'Aspernatur nostrum fugit reprehenderit. Ducimus alias quod laboriosam sint voluptate ex tenetur. Cumque laudantium nam.', '2025-08-11T14:23:16');
INSERT INTO tarea (id, modulo_id, titulo, descripcion, fecha_entrega) VALUES (80, 40, 'Pariatur voluptatem quae occaecati.', 'Veniam possimus exercitationem. Temporibus at corporis accusantium. Sint beatae amet dicta ipsum molestiae repudiandae.', '2025-07-26T11:34:34');
INSERT INTO tarea (id, modulo_id, titulo, descripcion, fecha_entrega) VALUES (81, 40, 'Eligendi minima consequuntur.', 'Minus praesentium aspernatur at velit corrupti. Explicabo at maxime odio in. Aspernatur quasi perspiciatis voluptates porro ex harum repellendus.', '2025-08-02T07:03:12');
INSERT INTO tarea (id, modulo_id, titulo, descripcion, fecha_entrega) VALUES (82, 41, 'Earum adipisci.', 'Velit mollitia ad. Omnis aperiam deleniti. Consectetur exercitationem mollitia dolorum.', '2025-07-15T07:53:25');
INSERT INTO tarea (id, modulo_id, titulo, descripcion, fecha_entrega) VALUES (83, 41, 'Quae ut.', 'Architecto sunt nam velit. Voluptatibus aliquam blanditiis quis ipsum illum.', '2025-07-27T15:31:25');
INSERT INTO tarea (id, modulo_id, titulo, descripcion, fecha_entrega) VALUES (84, 41, 'Fuga id.', 'Praesentium totam natus provident. Vero earum rerum et molestiae. Reprehenderit labore harum commodi ex exercitationem.', '2025-07-22T15:35:03');
INSERT INTO tarea (id, modulo_id, titulo, descripcion, fecha_entrega) VALUES (85, 42, 'Velit corrupti.', 'Quos officiis necessitatibus autem. Tempore aperiam facilis blanditiis necessitatibus eum. Iusto molestias beatae.', '2025-07-24T16:07:25');
INSERT INTO tarea (id, modulo_id, titulo, descripcion, fecha_entrega) VALUES (86, 43, 'Veritatis possimus.', 'Animi exercitationem velit officia. Eligendi cupiditate cum numquam. Adipisci architecto quidem quam iste occaecati quam totam.', '2025-08-10T07:03:57');
INSERT INTO tarea (id, modulo_id, titulo, descripcion, fecha_entrega) VALUES (87, 43, 'Quo incidunt voluptate temporibus.', 'Delectus non reiciendis maiores voluptatibus perspiciatis.', '2025-08-01T06:45:47');
INSERT INTO tarea (id, modulo_id, titulo, descripcion, fecha_entrega) VALUES (88, 43, 'Nisi minima.', 'Ab eos totam laboriosam. Possimus temporibus dolores quibusdam deleniti voluptatibus. Dignissimos odio cum.', '2025-07-30T09:19:31');
INSERT INTO tarea (id, modulo_id, titulo, descripcion, fecha_entrega) VALUES (89, 44, 'Ipsa.', 'Voluptate dolorum tenetur dolorem non ab facilis maiores. Eligendi excepturi inventore placeat. Magni quasi omnis.', '2025-08-13T07:45:31');
INSERT INTO tarea (id, modulo_id, titulo, descripcion, fecha_entrega) VALUES (90, 45, 'Ratione aliquid consectetur.', 'Vel dignissimos asperiores tempora animi temporibus.', '2025-07-30T01:09:21');
INSERT INTO tarea (id, modulo_id, titulo, descripcion, fecha_entrega) VALUES (91, 45, 'Voluptate ex quibusdam.', 'Earum corrupti aliquam omnis. Odio hic cum voluptate minima quibusdam nesciunt.', '2025-08-08T14:00:50');
INSERT INTO tarea (id, modulo_id, titulo, descripcion, fecha_entrega) VALUES (92, 46, 'Ullam veritatis nobis.', 'Voluptatum qui quos provident voluptates. Aliquam consequatur nemo explicabo. Ut dolore blanditiis necessitatibus ea distinctio.', '2025-07-30T18:10:35');
INSERT INTO tarea (id, modulo_id, titulo, descripcion, fecha_entrega) VALUES (93, 46, 'Dignissimos voluptates dignissimos.', 'Voluptates ipsa ea consequuntur veniam. Nemo nam aspernatur laudantium.', '2025-07-22T08:00:49');
INSERT INTO tarea (id, modulo_id, titulo, descripcion, fecha_entrega) VALUES (94, 47, 'Repellendus similique eius.', 'Facere suscipit sunt ad quos commodi.', '2025-08-12T10:03:09');
INSERT INTO tarea (id, modulo_id, titulo, descripcion, fecha_entrega) VALUES (95, 48, 'Recusandae nostrum.', 'Blanditiis illum cumque odio distinctio eligendi. Temporibus praesentium dicta ratione eius. Voluptatibus labore est soluta.', '2025-08-12T05:51:21');
INSERT INTO tarea (id, modulo_id, titulo, descripcion, fecha_entrega) VALUES (96, 48, 'Reprehenderit eius vero.', 'Doloremque doloribus nobis sapiente deserunt esse.', '2025-07-15T18:33:53');
INSERT INTO tarea (id, modulo_id, titulo, descripcion, fecha_entrega) VALUES (97, 49, 'Nulla nam.', 'Dolore perferendis labore nam autem ratione. Non cumque qui quaerat.', '2025-07-15T16:46:53');
INSERT INTO tarea (id, modulo_id, titulo, descripcion, fecha_entrega) VALUES (98, 50, 'Recusandae repellendus quasi.', 'Fugiat sapiente nostrum neque quia quis. Ipsum sint suscipit consectetur animi.', '2025-08-12T19:27:49');
INSERT INTO tarea (id, modulo_id, titulo, descripcion, fecha_entrega) VALUES (99, 51, 'Ipsa eius.', 'Officiis ea mollitia aliquid odit nam. Iusto aspernatur animi nisi ex pariatur. Quae aliquam nam porro voluptates voluptatibus.', '2025-08-09T19:32:07');
INSERT INTO tarea (id, modulo_id, titulo, descripcion, fecha_entrega) VALUES (100, 52, 'Veritatis dolores explicabo.', 'Laudantium quia pariatur dicta ipsam. Repellendus nulla autem qui nisi consequuntur.', '2025-07-24T11:19:07');
INSERT INTO tarea (id, modulo_id, titulo, descripcion, fecha_entrega) VALUES (101, 52, 'Totam optio magnam tempore.', 'Saepe repellat ab nostrum commodi ad vero molestias. Enim quasi reiciendis voluptate dignissimos quidem neque deserunt. Repellat illum qui sint.', '2025-07-17T23:55:03');
INSERT INTO tarea (id, modulo_id, titulo, descripcion, fecha_entrega) VALUES (102, 53, 'Dignissimos maxime.', 'Esse magni voluptates animi harum. Eligendi inventore at dolorum totam ipsa praesentium. Incidunt nesciunt ipsa sequi.', '2025-08-08T04:15:11');
INSERT INTO tarea (id, modulo_id, titulo, descripcion, fecha_entrega) VALUES (103, 53, 'Eos optio quisquam accusantium.', 'Eum cumque dolore nisi pariatur. Porro quo magni nihil earum. Fuga aut eveniet fugiat veniam et culpa.', '2025-08-04T19:25:36');
INSERT INTO tarea (id, modulo_id, titulo, descripcion, fecha_entrega) VALUES (104, 53, 'Quam aliquam.', 'Provident cum dolores veniam eligendi unde iure. Libero dolorum possimus. Excepturi nihil culpa accusamus.', '2025-07-26T22:25:20');
INSERT INTO tarea (id, modulo_id, titulo, descripcion, fecha_entrega) VALUES (105, 54, 'Tenetur quod.', 'At natus pariatur cupiditate rerum excepturi voluptatem. Unde incidunt in. Eveniet consequuntur dolorem veniam harum.', '2025-08-11T11:06:14');
INSERT INTO tarea (id, modulo_id, titulo, descripcion, fecha_entrega) VALUES (106, 54, 'Quidem numquam.', 'Sit accusamus fugiat rem qui. Placeat earum cupiditate cum harum ipsam. Nulla doloribus nihil culpa quasi sunt ab.', '2025-07-20T11:33:30');
INSERT INTO tarea (id, modulo_id, titulo, descripcion, fecha_entrega) VALUES (107, 54, 'Mollitia maiores.', 'Voluptates cum doloremque alias accusamus pariatur ex quasi. Hic reprehenderit sequi dolores nobis. Ipsum voluptas modi eos.', '2025-08-12T19:30:29');
INSERT INTO tarea (id, modulo_id, titulo, descripcion, fecha_entrega) VALUES (108, 55, 'Quod modi reprehenderit assumenda.', 'Eius nisi fugiat fugit fuga. Deserunt atque molestiae doloribus.', '2025-07-18T15:11:06');
INSERT INTO tarea (id, modulo_id, titulo, descripcion, fecha_entrega) VALUES (109, 55, 'Magni maiores.', 'Excepturi nihil laudantium veritatis.', '2025-07-18T07:07:40');
INSERT INTO tarea (id, modulo_id, titulo, descripcion, fecha_entrega) VALUES (110, 56, 'Nam expedita ad.', 'Voluptatem explicabo necessitatibus dicta perferendis provident repellendus. Voluptatibus quibusdam distinctio tenetur commodi molestias.', '2025-07-16T20:12:40');
INSERT INTO tarea (id, modulo_id, titulo, descripcion, fecha_entrega) VALUES (111, 56, 'Harum nemo.', 'Reiciendis animi et totam assumenda. Tempora nostrum alias nulla rem.', '2025-07-19T01:01:03');
INSERT INTO tarea (id, modulo_id, titulo, descripcion, fecha_entrega) VALUES (112, 56, 'Sunt maiores.', 'Voluptatem repellat doloremque optio et. Ex unde illo accusantium eos suscipit dolore.', '2025-07-21T16:22:32');
INSERT INTO tarea (id, modulo_id, titulo, descripcion, fecha_entrega) VALUES (113, 57, 'Suscipit iure voluptatum.', 'Dolore consequuntur voluptatum earum. Voluptates at similique nemo eveniet natus temporibus. Accusamus corporis nam modi. Doloribus eligendi ab.', '2025-07-22T15:23:14');
INSERT INTO tarea (id, modulo_id, titulo, descripcion, fecha_entrega) VALUES (114, 57, 'Autem quis.', 'Voluptatibus nobis deserunt iste. Eos quasi nam a voluptatem molestiae beatae.', '2025-08-08T06:47:53');
INSERT INTO tarea (id, modulo_id, titulo, descripcion, fecha_entrega) VALUES (115, 58, 'Vitae ab voluptas illo.', 'Occaecati ad nam recusandae. Eum nihil sint vitae atque. Fugit inventore quidem corrupti laudantium.', '2025-07-20T12:50:19');
INSERT INTO tarea (id, modulo_id, titulo, descripcion, fecha_entrega) VALUES (116, 58, 'Vitae consequuntur vero.', 'Totam occaecati iusto accusamus. Sit asperiores aliquam quis asperiores aliquam culpa. Ea optio dolor.', '2025-07-29T09:06:31');
INSERT INTO tarea (id, modulo_id, titulo, descripcion, fecha_entrega) VALUES (117, 59, 'Dolorum ea voluptates.', 'Libero repellat molestias delectus molestias veritatis aperiam. Cum repudiandae reprehenderit repellat in amet.', '2025-07-31T09:23:01');
INSERT INTO tarea (id, modulo_id, titulo, descripcion, fecha_entrega) VALUES (118, 59, 'Quibusdam quia aperiam.', 'Quam aliquid dolor aliquam fuga accusantium ullam. Ratione sequi sequi ea fuga.', '2025-08-10T00:17:20');
INSERT INTO tarea (id, modulo_id, titulo, descripcion, fecha_entrega) VALUES (119, 60, 'Maiores et.', 'Optio perferendis commodi unde.', '2025-07-18T01:32:03');
INSERT INTO tarea (id, modulo_id, titulo, descripcion, fecha_entrega) VALUES (120, 60, 'Recusandae doloribus.', 'Similique recusandae sunt enim. Cumque ratione ducimus assumenda ipsum deserunt excepturi nisi.', '2025-08-01T15:42:35');
INSERT INTO tarea (id, modulo_id, titulo, descripcion, fecha_entrega) VALUES (121, 61, 'Deserunt aliquid.', 'Vitae nesciunt est nostrum ex nobis harum. Rerum beatae natus occaecati quasi odit. Non perferendis consectetur voluptatem necessitatibus officiis.', '2025-07-31T18:40:40');
INSERT INTO tarea (id, modulo_id, titulo, descripcion, fecha_entrega) VALUES (122, 62, 'Quo sint culpa.', 'Sapiente dolore voluptatibus eos impedit laudantium. Quod ad ab vitae.', '2025-07-31T10:05:58');
INSERT INTO tarea (id, modulo_id, titulo, descripcion, fecha_entrega) VALUES (123, 62, 'Dicta maiores blanditiis.', 'Totam explicabo tempore. Doloremque a magnam eos.', '2025-07-27T00:16:20');
INSERT INTO tarea (id, modulo_id, titulo, descripcion, fecha_entrega) VALUES (124, 63, 'Numquam quam mollitia ducimus.', 'Veniam eveniet doloremque aspernatur cumque minima.', '2025-08-09T04:34:30');
INSERT INTO tarea (id, modulo_id, titulo, descripcion, fecha_entrega) VALUES (125, 63, 'Facilis inventore incidunt sint.', 'Accusamus aperiam odit aliquam quidem optio adipisci quam. Quas magnam delectus id. Ipsam in ipsam voluptatibus reiciendis.', '2025-07-20T14:09:46');

-- Inserciones
INSERT INTO inscripcion (usuario_id, curso_id, estado) VALUES (1, 27, 'completado');
INSERT INTO inscripcion (usuario_id, curso_id, estado) VALUES (2, 1, 'inscrito');
INSERT INTO inscripcion (usuario_id, curso_id, estado) VALUES (3, 28, 'cancelado');
INSERT INTO inscripcion (usuario_id, curso_id, estado) VALUES (4, 2, 'inscrito');
INSERT INTO inscripcion (usuario_id, curso_id, estado) VALUES (5, 6, 'cancelado');
INSERT INTO inscripcion (usuario_id, curso_id, estado) VALUES (6, 23, 'cancelado');
INSERT INTO inscripcion (usuario_id, curso_id, estado) VALUES (7, 19, 'cancelado');
INSERT INTO inscripcion (usuario_id, curso_id, estado) VALUES (8, 12, 'cancelado');
INSERT INTO inscripcion (usuario_id, curso_id, estado) VALUES (9, 25, 'inscrito');
INSERT INTO inscripcion (usuario_id, curso_id, estado) VALUES (10, 16, 'cancelado');
INSERT INTO inscripcion (usuario_id, curso_id, estado) VALUES (11, 26, 'inscrito');
INSERT INTO inscripcion (usuario_id, curso_id, estado) VALUES (12, 32, 'cancelado');
INSERT INTO inscripcion (usuario_id, curso_id, estado) VALUES (13, 31, 'cancelado');
INSERT INTO inscripcion (usuario_id, curso_id, estado) VALUES (14, 27, 'cancelado');
INSERT INTO inscripcion (usuario_id, curso_id, estado) VALUES (15, 19, 'inscrito');
INSERT INTO inscripcion (usuario_id, curso_id, estado) VALUES (16, 28, 'completado');
INSERT INTO inscripcion (usuario_id, curso_id, estado) VALUES (17, 23, 'completado');
INSERT INTO inscripcion (usuario_id, curso_id, estado) VALUES (18, 8, 'inscrito');
INSERT INTO inscripcion (usuario_id, curso_id, estado) VALUES (19, 24, 'cancelado');
INSERT INTO inscripcion (usuario_id, curso_id, estado) VALUES (20, 21, 'inscrito');
INSERT INTO inscripcion (usuario_id, curso_id, estado) VALUES (21, 17, 'cancelado');
INSERT INTO inscripcion (usuario_id, curso_id, estado) VALUES (22, 31, 'completado');
INSERT INTO inscripcion (usuario_id, curso_id, estado) VALUES (23, 10, 'completado');
INSERT INTO inscripcion (usuario_id, curso_id, estado) VALUES (24, 12, 'inscrito');
INSERT INTO inscripcion (usuario_id, curso_id, estado) VALUES (25, 2, 'completado');
INSERT INTO inscripcion (usuario_id, curso_id, estado) VALUES (26, 26, 'completado');
INSERT INTO inscripcion (usuario_id, curso_id, estado) VALUES (27, 6, 'cancelado');
INSERT INTO inscripcion (usuario_id, curso_id, estado) VALUES (28, 30, 'cancelado');
INSERT INTO inscripcion (usuario_id, curso_id, estado) VALUES (29, 26, 'inscrito');
INSERT INTO inscripcion (usuario_id, curso_id, estado) VALUES (30, 24, 'completado');
INSERT INTO inscripcion (usuario_id, curso_id, estado) VALUES (31, 22, 'completado');
INSERT INTO inscripcion (usuario_id, curso_id, estado) VALUES (32, 28, 'completado');
INSERT INTO inscripcion (usuario_id, curso_id, estado) VALUES (33, 29, 'completado');
INSERT INTO inscripcion (usuario_id, curso_id, estado) VALUES (34, 10, 'cancelado');
INSERT INTO inscripcion (usuario_id, curso_id, estado) VALUES (35, 13, 'cancelado');
INSERT INTO inscripcion (usuario_id, curso_id, estado) VALUES (36, 23, 'cancelado');
INSERT INTO inscripcion (usuario_id, curso_id, estado) VALUES (37, 16, 'cancelado');
INSERT INTO inscripcion (usuario_id, curso_id, estado) VALUES (38, 16, 'cancelado');
INSERT INTO inscripcion (usuario_id, curso_id, estado) VALUES (39, 27, 'cancelado');
INSERT INTO inscripcion (usuario_id, curso_id, estado) VALUES (40, 2, 'cancelado');
INSERT INTO inscripcion (usuario_id, curso_id, estado) VALUES (41, 19, 'completado');
INSERT INTO inscripcion (usuario_id, curso_id, estado) VALUES (42, 9, 'completado');
INSERT INTO inscripcion (usuario_id, curso_id, estado) VALUES (43, 26, 'inscrito');
INSERT INTO inscripcion (usuario_id, curso_id, estado) VALUES (44, 27, 'inscrito');
INSERT INTO inscripcion (usuario_id, curso_id, estado) VALUES (45, 13, 'cancelado');
INSERT INTO inscripcion (usuario_id, curso_id, estado) VALUES (46, 1, 'inscrito');
INSERT INTO inscripcion (usuario_id, curso_id, estado) VALUES (47, 10, 'cancelado');
INSERT INTO inscripcion (usuario_id, curso_id, estado) VALUES (48, 22, 'completado');
INSERT INTO inscripcion (usuario_id, curso_id, estado) VALUES (49, 15, 'completado');
INSERT INTO inscripcion (usuario_id, curso_id, estado) VALUES (50, 2, 'cancelado');
INSERT INTO inscripcion (usuario_id, curso_id, estado) VALUES (51, 8, 'completado');
INSERT INTO inscripcion (usuario_id, curso_id, estado) VALUES (52, 22, 'cancelado');
INSERT INTO inscripcion (usuario_id, curso_id, estado) VALUES (53, 28, 'completado');
INSERT INTO inscripcion (usuario_id, curso_id, estado) VALUES (54, 24, 'completado');
INSERT INTO inscripcion (usuario_id, curso_id, estado) VALUES (55, 21, 'completado');
INSERT INTO inscripcion (usuario_id, curso_id, estado) VALUES (56, 28, 'inscrito');
INSERT INTO inscripcion (usuario_id, curso_id, estado) VALUES (57, 8, 'cancelado');
INSERT INTO inscripcion (usuario_id, curso_id, estado) VALUES (58, 27, 'inscrito');
INSERT INTO inscripcion (usuario_id, curso_id, estado) VALUES (59, 9, 'cancelado');
INSERT INTO inscripcion (usuario_id, curso_id, estado) VALUES (60, 19, 'cancelado');
INSERT INTO inscripcion (usuario_id, curso_id, estado) VALUES (61, 23, 'completado');
INSERT INTO inscripcion (usuario_id, curso_id, estado) VALUES (62, 25, 'completado');
INSERT INTO inscripcion (usuario_id, curso_id, estado) VALUES (63, 4, 'cancelado');
INSERT INTO inscripcion (usuario_id, curso_id, estado) VALUES (64, 11, 'inscrito');
INSERT INTO inscripcion (usuario_id, curso_id, estado) VALUES (65, 28, 'cancelado');
INSERT INTO inscripcion (usuario_id, curso_id, estado) VALUES (66, 27, 'completado');
INSERT INTO inscripcion (usuario_id, curso_id, estado) VALUES (67, 10, 'inscrito');
INSERT INTO inscripcion (usuario_id, curso_id, estado) VALUES (68, 2, 'cancelado');
INSERT INTO inscripcion (usuario_id, curso_id, estado) VALUES (69, 15, 'inscrito');
INSERT INTO inscripcion (usuario_id, curso_id, estado) VALUES (70, 17, 'cancelado');
INSERT INTO inscripcion (usuario_id, curso_id, estado) VALUES (71, 27, 'inscrito');
INSERT INTO inscripcion (usuario_id, curso_id, estado) VALUES (72, 25, 'inscrito');
INSERT INTO inscripcion (usuario_id, curso_id, estado) VALUES (73, 25, 'cancelado');
INSERT INTO inscripcion (usuario_id, curso_id, estado) VALUES (74, 19, 'cancelado');
INSERT INTO inscripcion (usuario_id, curso_id, estado) VALUES (75, 14, 'inscrito');
INSERT INTO inscripcion (usuario_id, curso_id, estado) VALUES (76, 17, 'completado');
INSERT INTO inscripcion (usuario_id, curso_id, estado) VALUES (77, 21, 'inscrito');
INSERT INTO inscripcion (usuario_id, curso_id, estado) VALUES (78, 20, 'inscrito');
INSERT INTO inscripcion (usuario_id, curso_id, estado) VALUES (79, 20, 'inscrito');
INSERT INTO inscripcion (usuario_id, curso_id, estado) VALUES (80, 9, 'cancelado');
INSERT INTO inscripcion (usuario_id, curso_id, estado) VALUES (81, 29, 'completado');
INSERT INTO inscripcion (usuario_id, curso_id, estado) VALUES (82, 25, 'inscrito');
INSERT INTO inscripcion (usuario_id, curso_id, estado) VALUES (83, 14, 'completado');
INSERT INTO inscripcion (usuario_id, curso_id, estado) VALUES (84, 13, 'cancelado');
INSERT INTO inscripcion (usuario_id, curso_id, estado) VALUES (85, 18, 'cancelado');
INSERT INTO inscripcion (usuario_id, curso_id, estado) VALUES (86, 21, 'completado');
INSERT INTO inscripcion (usuario_id, curso_id, estado) VALUES (87, 21, 'inscrito');
INSERT INTO inscripcion (usuario_id, curso_id, estado) VALUES (88, 30, 'completado');
INSERT INTO inscripcion (usuario_id, curso_id, estado) VALUES (89, 14, 'cancelado');
INSERT INTO inscripcion (usuario_id, curso_id, estado) VALUES (90, 27, 'cancelado');
INSERT INTO inscripcion (usuario_id, curso_id, estado) VALUES (91, 21, 'cancelado');
INSERT INTO inscripcion (usuario_id, curso_id, estado) VALUES (92, 29, 'inscrito');
INSERT INTO inscripcion (usuario_id, curso_id, estado) VALUES (93, 25, 'cancelado');
INSERT INTO inscripcion (usuario_id, curso_id, estado) VALUES (94, 21, 'inscrito');
INSERT INTO inscripcion (usuario_id, curso_id, estado) VALUES (95, 5, 'inscrito');
INSERT INTO inscripcion (usuario_id, curso_id, estado) VALUES (96, 20, 'cancelado');
INSERT INTO inscripcion (usuario_id, curso_id, estado) VALUES (97, 32, 'completado');
INSERT INTO inscripcion (usuario_id, curso_id, estado) VALUES (98, 31, 'inscrito');
INSERT INTO inscripcion (usuario_id, curso_id, estado) VALUES (99, 12, 'completado');
INSERT INTO inscripcion (usuario_id, curso_id, estado) VALUES (100, 19, 'inscrito');
INSERT INTO inscripcion (usuario_id, curso_id, estado) VALUES (101, 7, 'completado');
INSERT INTO inscripcion (usuario_id, curso_id, estado) VALUES (102, 14, 'inscrito');
INSERT INTO inscripcion (usuario_id, curso_id, estado) VALUES (103, 3, 'inscrito');
INSERT INTO inscripcion (usuario_id, curso_id, estado) VALUES (104, 12, 'completado');
INSERT INTO inscripcion (usuario_id, curso_id, estado) VALUES (105, 25, 'completado');
INSERT INTO inscripcion (usuario_id, curso_id, estado) VALUES (106, 5, 'inscrito');
INSERT INTO inscripcion (usuario_id, curso_id, estado) VALUES (107, 21, 'completado');
INSERT INTO inscripcion (usuario_id, curso_id, estado) VALUES (108, 1, 'inscrito');
INSERT INTO inscripcion (usuario_id, curso_id, estado) VALUES (109, 6, 'completado');
INSERT INTO inscripcion (usuario_id, curso_id, estado) VALUES (110, 18, 'inscrito');
INSERT INTO inscripcion (usuario_id, curso_id, estado) VALUES (111, 32, 'completado');
INSERT INTO inscripcion (usuario_id, curso_id, estado) VALUES (112, 2, 'inscrito');
INSERT INTO inscripcion (usuario_id, curso_id, estado) VALUES (113, 29, 'completado');
INSERT INTO inscripcion (usuario_id, curso_id, estado) VALUES (114, 19, 'inscrito');
INSERT INTO inscripcion (usuario_id, curso_id, estado) VALUES (115, 10, 'completado');
INSERT INTO inscripcion (usuario_id, curso_id, estado) VALUES (116, 8, 'inscrito');
INSERT INTO inscripcion (usuario_id, curso_id, estado) VALUES (117, 4, 'completado');
INSERT INTO inscripcion (usuario_id, curso_id, estado) VALUES (118, 11, 'inscrito');
INSERT INTO inscripcion (usuario_id, curso_id, estado) VALUES (119, 16, 'completado');
INSERT INTO inscripcion (usuario_id, curso_id, estado) VALUES (120, 27, 'inscrito');
INSERT INTO inscripcion (usuario_id, curso_id, estado) VALUES (121, 4, 'completado');
INSERT INTO inscripcion (usuario_id, curso_id, estado) VALUES (122, 35, 'completado');
INSERT INTO inscripcion (usuario_id, curso_id, estado) VALUES (123, 25, 'completado');
INSERT INTO inscripcion (usuario_id, curso_id, estado) VALUES (124, 24, 'inscrito');
INSERT INTO inscripcion (usuario_id, curso_id, estado) VALUES (125, 6, 'completado');
INSERT INTO inscripcion (usuario_id, curso_id, estado) VALUES (126, 3, 'inscrito');
INSERT INTO inscripcion (usuario_id, curso_id, estado) VALUES (127, 34, 'inscrito');
INSERT INTO inscripcion (usuario_id, curso_id, estado) VALUES (128, 12, 'completado');
INSERT INTO inscripcion (usuario_id, curso_id, estado) VALUES (129, 3, 'completado');
INSERT INTO inscripcion (usuario_id, curso_id, estado) VALUES (130, 22, 'inscrito');
INSERT INTO inscripcion (usuario_id, curso_id, estado) VALUES (131, 25, 'inscrito');
INSERT INTO inscripcion (usuario_id, curso_id, estado) VALUES (132, 4, 'completado');
INSERT INTO inscripcion (usuario_id, curso_id, estado) VALUES (133, 24, 'completado');
INSERT INTO inscripcion (usuario_id, curso_id, estado) VALUES (134, 29, 'completado');
INSERT INTO inscripcion (usuario_id, curso_id, estado) VALUES (135, 34, 'completado');
INSERT INTO inscripcion (usuario_id, curso_id, estado) VALUES (136, 23, 'completado');
INSERT INTO inscripcion (usuario_id, curso_id, estado) VALUES (137, 18, 'completado');
INSERT INTO inscripcion (usuario_id, curso_id, estado) VALUES (138, 18, 'completado');
INSERT INTO inscripcion (usuario_id, curso_id, estado) VALUES (139, 14, 'completado');
INSERT INTO inscripcion (usuario_id, curso_id, estado) VALUES (140, 13, 'completado');
INSERT INTO inscripcion (usuario_id, curso_id, estado) VALUES (141, 17, 'completado');
INSERT INTO inscripcion (usuario_id, curso_id, estado) VALUES (142, 19, 'completado');
INSERT INTO inscripcion (usuario_id, curso_id, estado) VALUES (143, 16, 'completado');
INSERT INTO inscripcion (usuario_id, curso_id, estado) VALUES (144, 11, 'inscrito');
INSERT INTO inscripcion (usuario_id, curso_id, estado) VALUES (145, 15, 'inscrito');
INSERT INTO inscripcion (usuario_id, curso_id, estado) VALUES (146, 27, 'completado');
INSERT INTO inscripcion (usuario_id, curso_id, estado) VALUES (147, 21, 'completado');
INSERT INTO inscripcion (usuario_id, curso_id, estado) VALUES (148, 9, 'inscrito');
INSERT INTO inscripcion (usuario_id, curso_id, estado) VALUES (149, 14, 'completado');
INSERT INTO inscripcion (usuario_id, curso_id, estado) VALUES (150, 35, 'inscrito');
INSERT INTO inscripcion (usuario_id, curso_id, estado) VALUES (151, 23, 'inscrito');
INSERT INTO inscripcion (usuario_id, curso_id, estado) VALUES (152, 27, 'completado');
INSERT INTO inscripcion (usuario_id, curso_id, estado) VALUES (153, 10, 'inscrito');
INSERT INTO inscripcion (usuario_id, curso_id, estado) VALUES (154, 22, 'completado');
INSERT INTO inscripcion (usuario_id, curso_id, estado) VALUES (155, 31, 'inscrito');
INSERT INTO inscripcion (usuario_id, curso_id, estado) VALUES (156, 9, 'completado');
INSERT INTO inscripcion (usuario_id, curso_id, estado) VALUES (157, 28, 'completado');
INSERT INTO inscripcion (usuario_id, curso_id, estado) VALUES (158, 5, 'completado');
INSERT INTO inscripcion (usuario_id, curso_id, estado) VALUES (159, 13, 'completado');
INSERT INTO inscripcion (usuario_id, curso_id, estado) VALUES (160, 6, 'completado');
INSERT INTO inscripcion (usuario_id, curso_id, estado) VALUES (161, 33, 'completado');
INSERT INTO inscripcion (usuario_id, curso_id, estado) VALUES (162, 35, 'completado');
INSERT INTO inscripcion (usuario_id, curso_id, estado) VALUES (163, 2, 'completado');
INSERT INTO inscripcion (usuario_id, curso_id, estado) VALUES (164, 1, 'inscrito');
INSERT INTO inscripcion (usuario_id, curso_id, estado) VALUES (165, 20, 'inscrito');
INSERT INTO inscripcion (usuario_id, curso_id, estado) VALUES (166, 22, 'completado');
INSERT INTO inscripcion (usuario_id, curso_id, estado) VALUES (167, 35, 'completado');
INSERT INTO inscripcion (usuario_id, curso_id, estado) VALUES (168, 18, 'completado');
INSERT INTO inscripcion (usuario_id, curso_id, estado) VALUES (169, 33, 'completado');
INSERT INTO inscripcion (usuario_id, curso_id, estado) VALUES (170, 29, 'inscrito');

-- Entregas
INSERT INTO entrega (id, tarea_id, usuario_id, puntaje, comentario) VALUES (1, 1, 55, 91.91, 'Voluptas nesciunt enim tempore ad voluptatibus.');
INSERT INTO entrega (id, tarea_id, usuario_id, puntaje, comentario) VALUES (2, 1, 48, 98.97, 'Quam aut ratione ducimus vitae provident.');
INSERT INTO entrega (id, tarea_id, usuario_id, puntaje, comentario) VALUES (3, 1, 17, 79.77, 'Dolor officiis facere deserunt fugiat quaerat.');
INSERT INTO entrega (id, tarea_id, usuario_id, puntaje, comentario) VALUES (4, 2, 60, 61.19, 'Molestias sunt in ad nulla qui quidem voluptatem.');
INSERT INTO entrega (id, tarea_id, usuario_id, puntaje, comentario) VALUES (5, 2, 97, 65.35, 'Quisquam veritatis minima vel culpa non maiores.');
INSERT INTO entrega (id, tarea_id, usuario_id, puntaje, comentario) VALUES (6, 2, 68, 52.61, 'Explicabo molestiae quisquam odio tenetur.');
INSERT INTO entrega (id, tarea_id, usuario_id, puntaje, comentario) VALUES (7, 3, 83, 98.86, 'Porro maiores ipsam fugit est et incidunt.');
INSERT INTO entrega (id, tarea_id, usuario_id, puntaje, comentario) VALUES (8, 3, 52, 96.86, 'Deserunt minima magnam quas aperiam.');
INSERT INTO entrega (id, tarea_id, usuario_id, puntaje, comentario) VALUES (9, 3, 21, 88.66, 'Eos ab nostrum.');
INSERT INTO entrega (id, tarea_id, usuario_id, puntaje, comentario) VALUES (10, 4, 38, 80.4, 'Eligendi neque totam officia labore.');
INSERT INTO entrega (id, tarea_id, usuario_id, puntaje, comentario) VALUES (11, 4, 85, 62.37, 'Dignissimos deleniti error consectetur pariatur.');
INSERT INTO entrega (id, tarea_id, usuario_id, puntaje, comentario) VALUES (12, 4, 27, 59.23, 'Voluptatibus at nobis voluptates repellendus hic commodi.');
INSERT INTO entrega (id, tarea_id, usuario_id, puntaje, comentario) VALUES (13, 5, 50, 75.25, 'Harum corrupti sequi ad deserunt ab.');
INSERT INTO entrega (id, tarea_id, usuario_id, puntaje, comentario) VALUES (14, 5, 42, 85.11, 'Ea unde repudiandae optio.');
INSERT INTO entrega (id, tarea_id, usuario_id, puntaje, comentario) VALUES (15, 5, 34, 89.86, 'Quasi impedit eum nobis.');
INSERT INTO entrega (id, tarea_id, usuario_id, puntaje, comentario) VALUES (16, 6, 91, 64.19, 'Ex molestias numquam tempore.');
INSERT INTO entrega (id, tarea_id, usuario_id, puntaje, comentario) VALUES (17, 6, 25, 50.26, 'Nemo esse praesentium corrupti odit nam.');
INSERT INTO entrega (id, tarea_id, usuario_id, puntaje, comentario) VALUES (18, 6, 69, 74.18, 'Ipsa ducimus quasi corporis saepe maxime quis.');
INSERT INTO entrega (id, tarea_id, usuario_id, puntaje, comentario) VALUES (19, 7, 40, 82.67, 'Vel eum illo hic nemo veniam in.');
INSERT INTO entrega (id, tarea_id, usuario_id, puntaje, comentario) VALUES (20, 7, 13, 78.39, 'Delectus quaerat atque illo.');
INSERT INTO entrega (id, tarea_id, usuario_id, puntaje, comentario) VALUES (21, 7, 37, 73.87, 'Nostrum pariatur molestias iusto.');
INSERT INTO entrega (id, tarea_id, usuario_id, puntaje, comentario) VALUES (22, 8, 29, 68.11, 'Ullam voluptates expedita asperiores beatae.');
INSERT INTO entrega (id, tarea_id, usuario_id, puntaje, comentario) VALUES (23, 8, 31, 64.6, 'Fuga aspernatur distinctio eum.');
INSERT INTO entrega (id, tarea_id, usuario_id, puntaje, comentario) VALUES (24, 8, 40, 90.18, 'Quasi at aperiam tempora.');
INSERT INTO entrega (id, tarea_id, usuario_id, puntaje, comentario) VALUES (25, 9, 27, 53.13, 'Tempora perferendis quod quo minima.');
INSERT INTO entrega (id, tarea_id, usuario_id, puntaje, comentario) VALUES (26, 9, 16, 76.26, 'Possimus quia et recusandae accusamus labore architecto explicabo.');
INSERT INTO entrega (id, tarea_id, usuario_id, puntaje, comentario) VALUES (27, 9, 32, 93.55, 'Explicabo facere consectetur amet nobis possimus dicta.');
INSERT INTO entrega (id, tarea_id, usuario_id, puntaje, comentario) VALUES (28, 10, 54, 88.97, 'Quaerat illo voluptate tempora ipsum.');
INSERT INTO entrega (id, tarea_id, usuario_id, puntaje, comentario) VALUES (29, 10, 18, 62.9, 'Facilis quam natus ullam quas ipsum occaecati id.');
INSERT INTO entrega (id, tarea_id, usuario_id, puntaje, comentario) VALUES (30, 10, 24, 72.29, 'Modi nostrum sequi fugiat quisquam.');
INSERT INTO entrega (id, tarea_id, usuario_id, puntaje, comentario) VALUES (31, 11, 11, 79.71, 'Illo tempore facere aspernatur culpa eius at magni.');
INSERT INTO entrega (id, tarea_id, usuario_id, puntaje, comentario) VALUES (32, 11, 47, 83.35, 'Rem et quas cum ea natus rerum magni.');
INSERT INTO entrega (id, tarea_id, usuario_id, puntaje, comentario) VALUES (33, 11, 48, 57.4, 'Odio quos voluptatibus eaque culpa libero.');
INSERT INTO entrega (id, tarea_id, usuario_id, puntaje, comentario) VALUES (34, 12, 51, 79.06, 'Numquam neque quas at esse laboriosam alias.');
INSERT INTO entrega (id, tarea_id, usuario_id, puntaje, comentario) VALUES (35, 12, 64, 79.95, 'Excepturi animi voluptate.');
INSERT INTO entrega (id, tarea_id, usuario_id, puntaje, comentario) VALUES (36, 12, 79, 90.38, 'Ratione natus totam perspiciatis distinctio nisi est.');
INSERT INTO entrega (id, tarea_id, usuario_id, puntaje, comentario) VALUES (37, 13, 48, 55.18, 'Adipisci hic maxime quam maxime accusantium voluptate.');
INSERT INTO entrega (id, tarea_id, usuario_id, puntaje, comentario) VALUES (38, 13, 7, 92.36, 'Id alias ex aut ea ut consequuntur delectus.');
INSERT INTO entrega (id, tarea_id, usuario_id, puntaje, comentario) VALUES (39, 13, 26, 52.04, 'Inventore molestias occaecati porro dolorem alias.');
INSERT INTO entrega (id, tarea_id, usuario_id, puntaje, comentario) VALUES (40, 14, 95, 56.92, 'Iste corrupti tempora quam.');
INSERT INTO entrega (id, tarea_id, usuario_id, puntaje, comentario) VALUES (41, 14, 62, 51.81, 'Magnam voluptates consequatur repudiandae.');
INSERT INTO entrega (id, tarea_id, usuario_id, puntaje, comentario) VALUES (42, 14, 60, 92.94, 'Dolores expedita officiis.');
INSERT INTO entrega (id, tarea_id, usuario_id, puntaje, comentario) VALUES (43, 15, 47, 67.67, 'Perspiciatis vero ipsa accusamus consequatur.');
INSERT INTO entrega (id, tarea_id, usuario_id, puntaje, comentario) VALUES (44, 15, 40, 57.95, 'Aspernatur aut voluptatibus quia soluta velit delectus.');
INSERT INTO entrega (id, tarea_id, usuario_id, puntaje, comentario) VALUES (45, 15, 56, 69.68, 'Magnam tempora tempora facere quibusdam ea ullam.');
INSERT INTO entrega (id, tarea_id, usuario_id, puntaje, comentario) VALUES (46, 16, 100, 55.81, 'Ducimus inventore quis corrupti optio odit amet.');
INSERT INTO entrega (id, tarea_id, usuario_id, puntaje, comentario) VALUES (47, 16, 80, 69.48, 'Iusto fugit deserunt magnam commodi facilis.');
INSERT INTO entrega (id, tarea_id, usuario_id, puntaje, comentario) VALUES (48, 16, 83, 53.69, 'Iure harum eveniet officia.');
INSERT INTO entrega (id, tarea_id, usuario_id, puntaje, comentario) VALUES (49, 17, 15, 63.17, 'Molestias odio fugit pariatur ab.');
INSERT INTO entrega (id, tarea_id, usuario_id, puntaje, comentario) VALUES (50, 17, 18, 61.63, 'Commodi tempore quia dolor enim reprehenderit minus.');
INSERT INTO entrega (id, tarea_id, usuario_id, puntaje, comentario) VALUES (51, 17, 56, 55.81, 'Impedit qui hic facere.');
INSERT INTO entrega (id, tarea_id, usuario_id, puntaje, comentario) VALUES (52, 18, 53, 52.96, 'Sit a voluptates ratione.');
INSERT INTO entrega (id, tarea_id, usuario_id, puntaje, comentario) VALUES (53, 18, 82, 54.33, 'Fuga suscipit quos delectus quisquam.');
INSERT INTO entrega (id, tarea_id, usuario_id, puntaje, comentario) VALUES (54, 18, 1, 63.16, 'Perspiciatis saepe quidem quam veritatis optio.');
INSERT INTO entrega (id, tarea_id, usuario_id, puntaje, comentario) VALUES (55, 19, 33, 90.41, 'Quo veniam eos totam impedit aperiam.');
INSERT INTO entrega (id, tarea_id, usuario_id, puntaje, comentario) VALUES (56, 19, 73, 76.58, 'Deleniti doloribus asperiores.');
INSERT INTO entrega (id, tarea_id, usuario_id, puntaje, comentario) VALUES (57, 19, 21, 53.43, 'Totam quisquam reprehenderit.');
INSERT INTO entrega (id, tarea_id, usuario_id, puntaje, comentario) VALUES (58, 20, 52, 57.57, 'Alias cum porro.');
INSERT INTO entrega (id, tarea_id, usuario_id, puntaje, comentario) VALUES (59, 20, 24, 90.66, 'Cumque quos quas excepturi sapiente.');
INSERT INTO entrega (id, tarea_id, usuario_id, puntaje, comentario) VALUES (60, 20, 22, 89.43, 'Deserunt quibusdam tempore asperiores repellat voluptatem.');
INSERT INTO entrega (id, tarea_id, usuario_id, puntaje, comentario) VALUES (61, 21, 81, 89.36, 'Autem assumenda illum culpa dicta modi a.');
INSERT INTO entrega (id, tarea_id, usuario_id, puntaje, comentario) VALUES (62, 21, 85, 91.92, 'Aliquam id aliquam facere atque ipsam commodi nihil.');
INSERT INTO entrega (id, tarea_id, usuario_id, puntaje, comentario) VALUES (63, 21, 87, 79.49, 'Ipsa atque iusto architecto nam deleniti minus laboriosam.');
INSERT INTO entrega (id, tarea_id, usuario_id, puntaje, comentario) VALUES (64, 22, 95, 61.47, 'Omnis reiciendis soluta.');
INSERT INTO entrega (id, tarea_id, usuario_id, puntaje, comentario) VALUES (65, 22, 93, 58.37, 'Ipsum magni voluptates minus perspiciatis.');
INSERT INTO entrega (id, tarea_id, usuario_id, puntaje, comentario) VALUES (66, 22, 66, 96.92, 'Sequi consequatur sapiente ullam atque culpa.');
INSERT INTO entrega (id, tarea_id, usuario_id, puntaje, comentario) VALUES (67, 23, 40, 91.25, 'Error dolorem suscipit vel at magnam ab.');
INSERT INTO entrega (id, tarea_id, usuario_id, puntaje, comentario) VALUES (68, 23, 64, 89.74, 'Quibusdam doloremque vel eos.');
INSERT INTO entrega (id, tarea_id, usuario_id, puntaje, comentario) VALUES (69, 23, 15, 50.56, 'Accusantium est ut natus.');
INSERT INTO entrega (id, tarea_id, usuario_id, puntaje, comentario) VALUES (70, 24, 82, 71.2, 'Quo occaecati nobis et recusandae.');
INSERT INTO entrega (id, tarea_id, usuario_id, puntaje, comentario) VALUES (71, 24, 74, 70.0, 'Quisquam veniam sint veritatis fugit in nam.');
INSERT INTO entrega (id, tarea_id, usuario_id, puntaje, comentario) VALUES (72, 24, 55, 59.96, 'Molestias nobis rerum aliquam.');
INSERT INTO entrega (id, tarea_id, usuario_id, puntaje, comentario) VALUES (73, 25, 72, 71.19, 'Odit modi rem quasi quod quibusdam commodi.');
INSERT INTO entrega (id, tarea_id, usuario_id, puntaje, comentario) VALUES (74, 25, 18, 76.72, 'Voluptates corporis natus.');
INSERT INTO entrega (id, tarea_id, usuario_id, puntaje, comentario) VALUES (75, 25, 95, 83.25, 'Quidem ipsum praesentium incidunt excepturi quasi.');
INSERT INTO entrega (id, tarea_id, usuario_id, puntaje, comentario) VALUES (76, 26, 13, 77.67, 'Perferendis praesentium quo magnam ratione odit.');
INSERT INTO entrega (id, tarea_id, usuario_id, puntaje, comentario) VALUES (77, 26, 45, 91.05, 'Aliquid quibusdam ab voluptas fuga ipsum.');
INSERT INTO entrega (id, tarea_id, usuario_id, puntaje, comentario) VALUES (78, 26, 83, 53.16, 'Maxime in libero impedit amet.');
INSERT INTO entrega (id, tarea_id, usuario_id, puntaje, comentario) VALUES (79, 27, 36, 71.67, 'Iusto dignissimos vitae dolorem molestiae maiores.');
INSERT INTO entrega (id, tarea_id, usuario_id, puntaje, comentario) VALUES (80, 27, 13, 98.93, 'Beatae cum tenetur tempora.');
INSERT INTO entrega (id, tarea_id, usuario_id, puntaje, comentario) VALUES (81, 27, 16, 56.6, 'Reiciendis vitae pariatur deserunt.');
INSERT INTO entrega (id, tarea_id, usuario_id, puntaje, comentario) VALUES (82, 28, 40, 51.92, 'Laborum atque necessitatibus maxime pariatur ipsam.');
INSERT INTO entrega (id, tarea_id, usuario_id, puntaje, comentario) VALUES (83, 28, 32, 51.38, 'Fuga mollitia minus ipsam minima ullam maiores.');
INSERT INTO entrega (id, tarea_id, usuario_id, puntaje, comentario) VALUES (84, 28, 99, 58.27, 'Deserunt placeat animi omnis reiciendis mollitia.');
INSERT INTO entrega (id, tarea_id, usuario_id, puntaje, comentario) VALUES (85, 29, 7, 74.97, 'Cum repellendus laboriosam dolores beatae eos velit deserunt.');
INSERT INTO entrega (id, tarea_id, usuario_id, puntaje, comentario) VALUES (86, 29, 52, 62.9, 'Dolor tempore totam.');
INSERT INTO entrega (id, tarea_id, usuario_id, puntaje, comentario) VALUES (87, 29, 33, 74.32, 'Maiores rem eos placeat odio.');
INSERT INTO entrega (id, tarea_id, usuario_id, puntaje, comentario) VALUES (88, 30, 36, 66.21, 'Doloremque illum atque repellat voluptate.');
INSERT INTO entrega (id, tarea_id, usuario_id, puntaje, comentario) VALUES (89, 30, 82, 98.55, 'Tempora nisi dolore cupiditate dolore et.');
INSERT INTO entrega (id, tarea_id, usuario_id, puntaje, comentario) VALUES (90, 30, 87, 80.75, 'Adipisci ex totam quasi assumenda officiis veniam cum.');
INSERT INTO entrega (id, tarea_id, usuario_id, puntaje, comentario) VALUES (91, 31, 10, 74.92, 'Rem esse repellendus sequi incidunt voluptatem hic laborum.');
INSERT INTO entrega (id, tarea_id, usuario_id, puntaje, comentario) VALUES (92, 31, 97, 50.09, 'Dolorum fugit occaecati accusamus labore vel maiores sint.');
INSERT INTO entrega (id, tarea_id, usuario_id, puntaje, comentario) VALUES (93, 31, 41, 97.25, 'Ullam tempore mollitia esse quae voluptate labore.');
INSERT INTO entrega (id, tarea_id, usuario_id, puntaje, comentario) VALUES (94, 32, 55, 79.66, 'Dicta consequatur vitae minima dolore.');
INSERT INTO entrega (id, tarea_id, usuario_id, puntaje, comentario) VALUES (95, 32, 14, 88.55, 'Fuga eius a natus impedit velit.');
INSERT INTO entrega (id, tarea_id, usuario_id, puntaje, comentario) VALUES (96, 32, 75, 62.67, 'Labore cupiditate eum sunt explicabo voluptatibus.');
INSERT INTO entrega (id, tarea_id, usuario_id, puntaje, comentario) VALUES (97, 33, 75, 54.67, 'Voluptate nesciunt praesentium placeat omnis.');
INSERT INTO entrega (id, tarea_id, usuario_id, puntaje, comentario) VALUES (98, 33, 55, 87.23, 'Minus alias sit vero consequuntur quisquam.');
INSERT INTO entrega (id, tarea_id, usuario_id, puntaje, comentario) VALUES (99, 33, 12, 51.88, 'Eaque quaerat soluta harum doloribus accusamus omnis.');
INSERT INTO entrega (id, tarea_id, usuario_id, puntaje, comentario) VALUES (100, 34, 64, 69.08, 'Impedit porro quasi necessitatibus facere quam dolor enim.');
INSERT INTO entrega (id, tarea_id, usuario_id, puntaje, comentario) VALUES (101, 34, 61, 80.28, 'Fuga earum tenetur voluptatem.');
INSERT INTO entrega (id, tarea_id, usuario_id, puntaje, comentario) VALUES (102, 34, 87, 72.94, 'Neque illo neque fugit aperiam.');
INSERT INTO entrega (id, tarea_id, usuario_id, puntaje, comentario) VALUES (103, 35, 98, 51.83, 'Illum veniam fugit inventore voluptatum commodi voluptates.');
INSERT INTO entrega (id, tarea_id, usuario_id, puntaje, comentario) VALUES (104, 35, 31, 65.2, 'Quod ullam facere laborum hic vel.');
INSERT INTO entrega (id, tarea_id, usuario_id, puntaje, comentario) VALUES (105, 35, 89, 95.75, 'Numquam sequi inventore.');
INSERT INTO entrega (id, tarea_id, usuario_id, puntaje, comentario) VALUES (106, 36, 11, 85.07, 'Et dicta quo porro deserunt laborum.');
INSERT INTO entrega (id, tarea_id, usuario_id, puntaje, comentario) VALUES (107, 36, 96, 59.98, 'Cumque in cumque asperiores incidunt culpa et.');
INSERT INTO entrega (id, tarea_id, usuario_id, puntaje, comentario) VALUES (108, 36, 39, 53.39, 'Eum consectetur unde natus eaque praesentium veniam.');
INSERT INTO entrega (id, tarea_id, usuario_id, puntaje, comentario) VALUES (109, 37, 88, 87.13, 'Quis molestias asperiores eveniet quo quos necessitatibus.');
INSERT INTO entrega (id, tarea_id, usuario_id, puntaje, comentario) VALUES (110, 37, 30, 68.49, 'Necessitatibus enim omnis aliquam natus.');
INSERT INTO entrega (id, tarea_id, usuario_id, puntaje, comentario) VALUES (111, 37, 60, 84.44, 'Aspernatur reiciendis molestias dolore voluptatum voluptas nihil.');
INSERT INTO entrega (id, tarea_id, usuario_id, puntaje, comentario) VALUES (112, 38, 62, 66.76, 'Iure aperiam consequuntur cumque praesentium blanditiis eos.');
INSERT INTO entrega (id, tarea_id, usuario_id, puntaje, comentario) VALUES (113, 38, 86, 63.33, 'Eaque voluptates recusandae amet voluptates.');
INSERT INTO entrega (id, tarea_id, usuario_id, puntaje, comentario) VALUES (114, 38, 41, 60.63, 'Temporibus qui temporibus vitae fugiat.');
INSERT INTO entrega (id, tarea_id, usuario_id, puntaje, comentario) VALUES (115, 39, 57, 87.45, 'Odit officiis et sint perferendis minima ratione.');
INSERT INTO entrega (id, tarea_id, usuario_id, puntaje, comentario) VALUES (116, 39, 30, 53.54, 'Qui dolore ipsam necessitatibus reprehenderit repellendus.');
INSERT INTO entrega (id, tarea_id, usuario_id, puntaje, comentario) VALUES (117, 39, 69, 89.19, 'Voluptatum modi consectetur fugiat doloremque blanditiis.');
INSERT INTO entrega (id, tarea_id, usuario_id, puntaje, comentario) VALUES (118, 40, 16, 76.91, 'Odio autem odio praesentium veritatis.');
INSERT INTO entrega (id, tarea_id, usuario_id, puntaje, comentario) VALUES (119, 40, 62, 94.18, 'Provident pariatur modi sed autem minima qui ratione.');
INSERT INTO entrega (id, tarea_id, usuario_id, puntaje, comentario) VALUES (120, 40, 56, 66.53, 'Unde esse earum temporibus.');
INSERT INTO entrega (id, tarea_id, usuario_id, puntaje, comentario) VALUES (121, 41, 44, 69.9, 'Cupiditate dicta unde quia quis eum officiis.');
INSERT INTO entrega (id, tarea_id, usuario_id, puntaje, comentario) VALUES (122, 41, 1, 98.34, 'Possimus fugiat quas laboriosam.');
INSERT INTO entrega (id, tarea_id, usuario_id, puntaje, comentario) VALUES (123, 41, 100, 74.37, 'Nesciunt quibusdam distinctio adipisci eum nostrum.');
INSERT INTO entrega (id, tarea_id, usuario_id, puntaje, comentario) VALUES (124, 42, 34, 69.82, 'Assumenda ipsam eius et consequatur rerum.');
INSERT INTO entrega (id, tarea_id, usuario_id, puntaje, comentario) VALUES (125, 42, 39, 67.09, 'Praesentium ex harum.');
INSERT INTO entrega (id, tarea_id, usuario_id, puntaje, comentario) VALUES (126, 42, 1, 93.17, 'Nobis laborum omnis magnam explicabo.');
INSERT INTO entrega (id, tarea_id, usuario_id, puntaje, comentario) VALUES (127, 43, 43, 91.02, 'At dignissimos optio autem eius aliquid aut.');
INSERT INTO entrega (id, tarea_id, usuario_id, puntaje, comentario) VALUES (128, 43, 72, 78.02, 'Corporis sed culpa veritatis.');
INSERT INTO entrega (id, tarea_id, usuario_id, puntaje, comentario) VALUES (129, 43, 79, 94.71, 'Repudiandae eos eligendi fuga amet magnam.');
INSERT INTO entrega (id, tarea_id, usuario_id, puntaje, comentario) VALUES (130, 44, 72, 75.6, 'Dolorum recusandae reiciendis in.');
INSERT INTO entrega (id, tarea_id, usuario_id, puntaje, comentario) VALUES (131, 44, 89, 51.24, 'Ipsum placeat sint iusto eligendi ipsam dicta.');
INSERT INTO entrega (id, tarea_id, usuario_id, puntaje, comentario) VALUES (132, 44, 35, 65.19, 'Non eius iure explicabo consequuntur ipsa quasi culpa.');
INSERT INTO entrega (id, tarea_id, usuario_id, puntaje, comentario) VALUES (133, 45, 82, 92.77, 'Tempore non quis illo id ad.');
INSERT INTO entrega (id, tarea_id, usuario_id, puntaje, comentario) VALUES (134, 45, 26, 55.28, 'Magni voluptas temporibus sequi quos.');
INSERT INTO entrega (id, tarea_id, usuario_id, puntaje, comentario) VALUES (135, 45, 4, 91.76, 'Quaerat facere commodi.');
INSERT INTO entrega (id, tarea_id, usuario_id, puntaje, comentario) VALUES (136, 46, 44, 85.68, 'Beatae voluptatibus eligendi fugit.');
INSERT INTO entrega (id, tarea_id, usuario_id, puntaje, comentario) VALUES (137, 46, 37, 62.78, 'Et saepe magnam itaque.');
INSERT INTO entrega (id, tarea_id, usuario_id, puntaje, comentario) VALUES (138, 46, 30, 95.14, 'Deleniti explicabo dolorem vero.');
INSERT INTO entrega (id, tarea_id, usuario_id, puntaje, comentario) VALUES (139, 47, 48, 56.04, 'Cumque saepe temporibus at.');
INSERT INTO entrega (id, tarea_id, usuario_id, puntaje, comentario) VALUES (140, 47, 31, 70.24, 'Fugit quo veritatis laboriosam in mollitia.');
INSERT INTO entrega (id, tarea_id, usuario_id, puntaje, comentario) VALUES (141, 47, 84, 95.02, 'Assumenda sapiente expedita libero.');
INSERT INTO entrega (id, tarea_id, usuario_id, puntaje, comentario) VALUES (142, 48, 17, 57.57, 'Non iste corporis quas voluptatibus in reprehenderit vitae.');
INSERT INTO entrega (id, tarea_id, usuario_id, puntaje, comentario) VALUES (143, 48, 25, 68.65, 'Iste eligendi illum velit ea doloribus.');
INSERT INTO entrega (id, tarea_id, usuario_id, puntaje, comentario) VALUES (144, 48, 55, 78.19, 'Adipisci vitae ipsam nesciunt.');
INSERT INTO entrega (id, tarea_id, usuario_id, puntaje, comentario) VALUES (145, 49, 94, 97.86, 'Molestias officiis excepturi vel quidem asperiores iure.');
INSERT INTO entrega (id, tarea_id, usuario_id, puntaje, comentario) VALUES (146, 49, 49, 85.76, 'Quam veritatis ipsa asperiores aspernatur.');
INSERT INTO entrega (id, tarea_id, usuario_id, puntaje, comentario) VALUES (147, 49, 26, 96.65, 'Error vitae eligendi quam.');
INSERT INTO entrega (id, tarea_id, usuario_id, puntaje, comentario) VALUES (148, 50, 99, 65.08, 'Eaque dolore quasi omnis ipsa.');
INSERT INTO entrega (id, tarea_id, usuario_id, puntaje, comentario) VALUES (149, 50, 56, 50.52, 'Impedit unde labore error enim.');
INSERT INTO entrega (id, tarea_id, usuario_id, puntaje, comentario) VALUES (150, 50, 11, 89.53, 'Temporibus asperiores fugit inventore odio est.');
INSERT INTO entrega (id, tarea_id, usuario_id, puntaje, comentario) VALUES (151, 51, 53, 97.44, 'Nulla aspernatur dolor facere eum officia.');
INSERT INTO entrega (id, tarea_id, usuario_id, puntaje, comentario) VALUES (152, 51, 79, 67.37, 'Iusto debitis deserunt voluptate corporis.');
INSERT INTO entrega (id, tarea_id, usuario_id, puntaje, comentario) VALUES (153, 51, 94, 57.46, 'Aspernatur a incidunt architecto beatae accusamus.');
INSERT INTO entrega (id, tarea_id, usuario_id, puntaje, comentario) VALUES (154, 52, 97, 84.29, 'Iusto nesciunt quidem.');
INSERT INTO entrega (id, tarea_id, usuario_id, puntaje, comentario) VALUES (155, 52, 28, 79.38, 'Possimus soluta alias omnis placeat odio sequi.');
INSERT INTO entrega (id, tarea_id, usuario_id, puntaje, comentario) VALUES (156, 52, 21, 92.15, 'Dolore laboriosam dolores doloremque at harum.');
INSERT INTO entrega (id, tarea_id, usuario_id, puntaje, comentario) VALUES (157, 53, 20, 94.99, 'Quo dolorum quis asperiores aperiam.');
INSERT INTO entrega (id, tarea_id, usuario_id, puntaje, comentario) VALUES (158, 53, 87, 85.47, 'Suscipit doloremque tenetur dolore.');
INSERT INTO entrega (id, tarea_id, usuario_id, puntaje, comentario) VALUES (159, 53, 83, 53.93, 'Dolorum libero dolor commodi nam.');
INSERT INTO entrega (id, tarea_id, usuario_id, puntaje, comentario) VALUES (160, 54, 35, 55.08, 'At autem deserunt temporibus non accusamus.');
INSERT INTO entrega (id, tarea_id, usuario_id, puntaje, comentario) VALUES (161, 54, 11, 72.56, 'Ut est nihil earum quisquam hic incidunt.');
INSERT INTO entrega (id, tarea_id, usuario_id, puntaje, comentario) VALUES (162, 54, 63, 74.12, 'Doloribus suscipit error repellendus a.');
INSERT INTO entrega (id, tarea_id, usuario_id, puntaje, comentario) VALUES (163, 55, 74, 88.12, 'Ex molestiae fugiat unde sit incidunt placeat.');
INSERT INTO entrega (id, tarea_id, usuario_id, puntaje, comentario) VALUES (164, 55, 69, 96.08, 'Totam iusto esse enim eius tenetur dignissimos sit.');
INSERT INTO entrega (id, tarea_id, usuario_id, puntaje, comentario) VALUES (165, 55, 9, 56.49, 'Delectus deserunt eligendi minima minus repudiandae.');
INSERT INTO entrega (id, tarea_id, usuario_id, puntaje, comentario) VALUES (166, 56, 1, 71.23, 'Nihil rerum qui quibusdam.');
INSERT INTO entrega (id, tarea_id, usuario_id, puntaje, comentario) VALUES (167, 56, 47, 68.3, 'Non totam vel ratione reprehenderit voluptatum quisquam.');
INSERT INTO entrega (id, tarea_id, usuario_id, puntaje, comentario) VALUES (168, 56, 5, 75.99, 'Optio ratione eaque perspiciatis.');
INSERT INTO entrega (id, tarea_id, usuario_id, puntaje, comentario) VALUES (169, 57, 23, 52.15, 'Voluptatem debitis blanditiis nisi nihil alias.');
INSERT INTO entrega (id, tarea_id, usuario_id, puntaje, comentario) VALUES (170, 57, 18, 63.05, 'Omnis fuga asperiores id eius quae.');
INSERT INTO entrega (id, tarea_id, usuario_id, puntaje, comentario) VALUES (171, 57, 49, 85.53, 'Nam illum itaque quasi debitis culpa libero.');
INSERT INTO entrega (id, tarea_id, usuario_id, puntaje, comentario) VALUES (172, 58, 64, 80.35, 'Dolorum ut totam error doloribus.');
INSERT INTO entrega (id, tarea_id, usuario_id, puntaje, comentario) VALUES (173, 58, 20, 87.63, 'Ex culpa qui maiores enim.');
INSERT INTO entrega (id, tarea_id, usuario_id, puntaje, comentario) VALUES (174, 58, 72, 95.74, 'Delectus impedit voluptate atque illo.');
INSERT INTO entrega (id, tarea_id, usuario_id, puntaje, comentario) VALUES (175, 59, 3, 64.75, 'Unde tenetur animi dolorum sequi occaecati dicta.');
INSERT INTO entrega (id, tarea_id, usuario_id, puntaje, comentario) VALUES (176, 59, 100, 84.83, 'Dolore recusandae culpa unde unde in.');
INSERT INTO entrega (id, tarea_id, usuario_id, puntaje, comentario) VALUES (177, 59, 7, 88.22, 'Ipsum non inventore ea.');
INSERT INTO entrega (id, tarea_id, usuario_id, puntaje, comentario) VALUES (178, 60, 64, 90.62, 'Maxime magni totam maiores debitis laboriosam.');
INSERT INTO entrega (id, tarea_id, usuario_id, puntaje, comentario) VALUES (179, 60, 37, 63.99, 'Ab quaerat itaque possimus.');
INSERT INTO entrega (id, tarea_id, usuario_id, puntaje, comentario) VALUES (180, 60, 89, 57.44, 'Inventore sed earum ipsa mollitia.');
INSERT INTO entrega (id, tarea_id, usuario_id, puntaje, comentario) VALUES (181, 61, 1, 69.17, 'Facilis voluptatem atque rem.');
INSERT INTO entrega (id, tarea_id, usuario_id, puntaje, comentario) VALUES (182, 61, 63, 67.33, 'Ratione iure laboriosam exercitationem reprehenderit cumque at.');
INSERT INTO entrega (id, tarea_id, usuario_id, puntaje, comentario) VALUES (183, 61, 96, 93.78, 'Voluptatem doloribus laboriosam sapiente veniam corporis incidunt.');
INSERT INTO entrega (id, tarea_id, usuario_id, puntaje, comentario) VALUES (184, 62, 60, 62.37, 'Pariatur pariatur officia reiciendis dicta architecto soluta.');
INSERT INTO entrega (id, tarea_id, usuario_id, puntaje, comentario) VALUES (185, 62, 29, 93.35, 'Alias aliquid accusantium quisquam.');
INSERT INTO entrega (id, tarea_id, usuario_id, puntaje, comentario) VALUES (186, 62, 15, 62.7, 'A nulla nisi quisquam eius eligendi.');
INSERT INTO entrega (id, tarea_id, usuario_id, puntaje, comentario) VALUES (187, 63, 16, 50.61, 'Cupiditate quo suscipit maiores sequi suscipit.');
INSERT INTO entrega (id, tarea_id, usuario_id, puntaje, comentario) VALUES (188, 63, 22, 90.65, 'Beatae eos deleniti tempore.');
INSERT INTO entrega (id, tarea_id, usuario_id, puntaje, comentario) VALUES (189, 63, 31, 81.35, 'At laborum hic.');
INSERT INTO entrega (id, tarea_id, usuario_id, puntaje, comentario) VALUES (190, 64, 78, 96.4, 'Officia impedit modi velit sint amet.');
INSERT INTO entrega (id, tarea_id, usuario_id, puntaje, comentario) VALUES (191, 64, 25, 57.21, 'Hic quidem veritatis nostrum doloribus.');
INSERT INTO entrega (id, tarea_id, usuario_id, puntaje, comentario) VALUES (192, 64, 46, 60.69, 'Dolorum molestiae corporis sapiente debitis voluptatem iusto odit.');
INSERT INTO entrega (id, tarea_id, usuario_id, puntaje, comentario) VALUES (193, 65, 50, 72.84, 'Praesentium odio minima illo reiciendis veritatis vitae blanditiis.');
INSERT INTO entrega (id, tarea_id, usuario_id, puntaje, comentario) VALUES (194, 65, 78, 89.25, 'Amet fugiat eveniet odit quos soluta quibusdam.');
INSERT INTO entrega (id, tarea_id, usuario_id, puntaje, comentario) VALUES (195, 65, 23, 51.62, 'Et quas quia modi iusto.');
INSERT INTO entrega (id, tarea_id, usuario_id, puntaje, comentario) VALUES (196, 66, 86, 85.27, 'Velit quasi expedita.');
INSERT INTO entrega (id, tarea_id, usuario_id, puntaje, comentario) VALUES (197, 66, 64, 93.15, 'Eaque impedit asperiores dolor recusandae deserunt nostrum.');
INSERT INTO entrega (id, tarea_id, usuario_id, puntaje, comentario) VALUES (198, 66, 72, 82.32, 'Odit ipsam corporis debitis dolorum hic consequuntur.');
INSERT INTO entrega (id, tarea_id, usuario_id, puntaje, comentario) VALUES (199, 67, 17, 62.85, 'Eos tenetur explicabo officia omnis explicabo.');
INSERT INTO entrega (id, tarea_id, usuario_id, puntaje, comentario) VALUES (200, 67, 48, 88.98, 'Voluptatem nostrum placeat.');
INSERT INTO entrega (id, tarea_id, usuario_id, puntaje, comentario) VALUES (201, 67, 71, 67.05, 'Delectus facilis sapiente sapiente cupiditate perferendis.');
INSERT INTO entrega (id, tarea_id, usuario_id, puntaje, comentario) VALUES (202, 68, 68, 60.53, 'Aliquam at recusandae.');
INSERT INTO entrega (id, tarea_id, usuario_id, puntaje, comentario) VALUES (203, 68, 46, 97.01, 'Quod quisquam ipsa odio non voluptatum.');
INSERT INTO entrega (id, tarea_id, usuario_id, puntaje, comentario) VALUES (204, 68, 81, 60.04, 'Dolore totam sunt iure incidunt possimus.');
INSERT INTO entrega (id, tarea_id, usuario_id, puntaje, comentario) VALUES (205, 69, 86, 82.72, 'Quae quis sit ducimus vitae.');
INSERT INTO entrega (id, tarea_id, usuario_id, puntaje, comentario) VALUES (206, 69, 94, 56.34, 'Beatae illo natus dolorum accusamus.');
INSERT INTO entrega (id, tarea_id, usuario_id, puntaje, comentario) VALUES (207, 69, 73, 90.99, 'Quae hic quisquam aperiam necessitatibus eligendi temporibus.');
INSERT INTO entrega (id, tarea_id, usuario_id, puntaje, comentario) VALUES (208, 70, 26, 60.22, 'Iure ipsam eum debitis reprehenderit expedita.');
INSERT INTO entrega (id, tarea_id, usuario_id, puntaje, comentario) VALUES (209, 70, 34, 71.3, 'Beatae neque nihil ipsam facilis sit.');
INSERT INTO entrega (id, tarea_id, usuario_id, puntaje, comentario) VALUES (210, 70, 18, 65.19, 'Animi nostrum eligendi nulla qui occaecati magnam incidunt.');
INSERT INTO entrega (id, tarea_id, usuario_id, puntaje, comentario) VALUES (211, 71, 60, 79.24, 'Blanditiis amet magnam qui magni.');
INSERT INTO entrega (id, tarea_id, usuario_id, puntaje, comentario) VALUES (212, 71, 46, 59.35, 'Aliquid ullam distinctio neque nemo error ducimus.');
INSERT INTO entrega (id, tarea_id, usuario_id, puntaje, comentario) VALUES (213, 71, 59, 56.49, 'Unde odit magni iusto quis deleniti.');
INSERT INTO entrega (id, tarea_id, usuario_id, puntaje, comentario) VALUES (214, 72, 83, 50.5, 'Maxime eum rem ullam dolore assumenda omnis.');
INSERT INTO entrega (id, tarea_id, usuario_id, puntaje, comentario) VALUES (215, 72, 62, 76.95, 'Maiores voluptatem maiores.');
INSERT INTO entrega (id, tarea_id, usuario_id, puntaje, comentario) VALUES (216, 72, 82, 74.49, 'Architecto atque cumque amet aspernatur culpa.');
INSERT INTO entrega (id, tarea_id, usuario_id, puntaje, comentario) VALUES (217, 73, 25, 62.45, 'Cupiditate eum ea totam hic sunt cumque accusantium.');
INSERT INTO entrega (id, tarea_id, usuario_id, puntaje, comentario) VALUES (218, 73, 85, 88.69, 'Doloremque libero delectus doloremque quisquam impedit quibusdam.');
INSERT INTO entrega (id, tarea_id, usuario_id, puntaje, comentario) VALUES (219, 73, 51, 93.47, 'Natus officiis a sed eius excepturi.');
INSERT INTO entrega (id, tarea_id, usuario_id, puntaje, comentario) VALUES (220, 74, 87, 96.41, 'Inventore quos debitis suscipit.');
INSERT INTO entrega (id, tarea_id, usuario_id, puntaje, comentario) VALUES (221, 74, 37, 84.41, 'Consequuntur velit nihil asperiores.');
INSERT INTO entrega (id, tarea_id, usuario_id, puntaje, comentario) VALUES (222, 74, 17, 99.24, 'Iste porro autem iste modi quibusdam.');
INSERT INTO entrega (id, tarea_id, usuario_id, puntaje, comentario) VALUES (223, 75, 42, 79.39, 'Cum tempore officiis voluptatum.');
INSERT INTO entrega (id, tarea_id, usuario_id, puntaje, comentario) VALUES (224, 75, 72, 85.22, 'Autem fuga deleniti.');
INSERT INTO entrega (id, tarea_id, usuario_id, puntaje, comentario) VALUES (225, 75, 77, 81.92, 'Tenetur dignissimos consectetur facere reiciendis.');
INSERT INTO entrega (id, tarea_id, usuario_id, puntaje, comentario) VALUES (226, 76, 40, 87.87, 'Aperiam in aperiam perspiciatis necessitatibus temporibus totam omnis.');
INSERT INTO entrega (id, tarea_id, usuario_id, puntaje, comentario) VALUES (227, 76, 19, 87.93, 'Similique repellat tempora.');
INSERT INTO entrega (id, tarea_id, usuario_id, puntaje, comentario) VALUES (228, 76, 12, 98.2, 'Repellat minima ab veritatis voluptatem.');
INSERT INTO entrega (id, tarea_id, usuario_id, puntaje, comentario) VALUES (229, 77, 24, 61.42, 'Perspiciatis provident aperiam deleniti.');
INSERT INTO entrega (id, tarea_id, usuario_id, puntaje, comentario) VALUES (230, 77, 76, 77.34, 'Suscipit iure et voluptatem similique.');
INSERT INTO entrega (id, tarea_id, usuario_id, puntaje, comentario) VALUES (231, 77, 47, 79.13, 'Quasi vitae laudantium culpa voluptas reprehenderit corporis explicabo.');
INSERT INTO entrega (id, tarea_id, usuario_id, puntaje, comentario) VALUES (232, 78, 30, 62.54, 'Omnis ipsa sed.');
INSERT INTO entrega (id, tarea_id, usuario_id, puntaje, comentario) VALUES (233, 78, 39, 65.49, 'Vel non molestiae soluta aspernatur voluptates.');
INSERT INTO entrega (id, tarea_id, usuario_id, puntaje, comentario) VALUES (234, 78, 33, 99.62, 'Ex error ut.');
INSERT INTO entrega (id, tarea_id, usuario_id, puntaje, comentario) VALUES (235, 79, 32, 75.96, 'Quia ipsam voluptas provident repellendus error ea.');
INSERT INTO entrega (id, tarea_id, usuario_id, puntaje, comentario) VALUES (236, 79, 7, 73.0, 'Suscipit atque repellendus impedit alias doloremque.');
INSERT INTO entrega (id, tarea_id, usuario_id, puntaje, comentario) VALUES (237, 79, 85, 51.77, 'Voluptatibus dolores animi et vitae debitis non quibusdam.');
INSERT INTO entrega (id, tarea_id, usuario_id, puntaje, comentario) VALUES (238, 80, 67, 53.41, 'Debitis quas sunt iste est.');
INSERT INTO entrega (id, tarea_id, usuario_id, puntaje, comentario) VALUES (239, 80, 24, 65.63, 'Aspernatur eveniet cupiditate nisi nulla.');
INSERT INTO entrega (id, tarea_id, usuario_id, puntaje, comentario) VALUES (240, 80, 43, 75.79, 'Ipsa eaque pariatur quaerat tempore reprehenderit.');
INSERT INTO entrega (id, tarea_id, usuario_id, puntaje, comentario) VALUES (241, 81, 62, 92.8, 'Eius veniam nesciunt dignissimos.');
INSERT INTO entrega (id, tarea_id, usuario_id, puntaje, comentario) VALUES (242, 81, 24, 84.53, 'Quisquam ut pariatur ex aperiam aut possimus.');
INSERT INTO entrega (id, tarea_id, usuario_id, puntaje, comentario) VALUES (243, 81, 9, 62.96, 'Blanditiis nulla ratione itaque.');
INSERT INTO entrega (id, tarea_id, usuario_id, puntaje, comentario) VALUES (244, 82, 76, 60.22, 'Ipsum perferendis aliquam iste fugiat.');
INSERT INTO entrega (id, tarea_id, usuario_id, puntaje, comentario) VALUES (245, 82, 52, 78.77, 'Laudantium fugiat fuga rerum voluptate aut.');
INSERT INTO entrega (id, tarea_id, usuario_id, puntaje, comentario) VALUES (246, 82, 36, 73.67, 'Sapiente iste tempore.');
INSERT INTO entrega (id, tarea_id, usuario_id, puntaje, comentario) VALUES (247, 83, 84, 93.76, 'Atque vel quas consectetur.');
INSERT INTO entrega (id, tarea_id, usuario_id, puntaje, comentario) VALUES (248, 83, 87, 51.78, 'Qui qui debitis.');
INSERT INTO entrega (id, tarea_id, usuario_id, puntaje, comentario) VALUES (249, 83, 96, 66.67, 'Ad debitis impedit exercitationem amet repellendus.');
INSERT INTO entrega (id, tarea_id, usuario_id, puntaje, comentario) VALUES (250, 84, 58, 57.14, 'Soluta nemo ipsam quos reprehenderit perferendis sit voluptatum.');
INSERT INTO entrega (id, tarea_id, usuario_id, puntaje, comentario) VALUES (251, 84, 25, 88.19, 'Animi quasi quam.');
INSERT INTO entrega (id, tarea_id, usuario_id, puntaje, comentario) VALUES (252, 84, 86, 87.61, 'Consequatur tenetur rerum cupiditate officiis.');
INSERT INTO entrega (id, tarea_id, usuario_id, puntaje, comentario) VALUES (253, 85, 22, 64.67, 'Tenetur explicabo sapiente culpa explicabo perferendis nam.');
INSERT INTO entrega (id, tarea_id, usuario_id, puntaje, comentario) VALUES (254, 85, 50, 82.84, 'Dignissimos corporis dolor similique amet dolorem.');
INSERT INTO entrega (id, tarea_id, usuario_id, puntaje, comentario) VALUES (255, 85, 36, 84.56, 'Itaque commodi fugit incidunt libero animi.');
INSERT INTO entrega (id, tarea_id, usuario_id, puntaje, comentario) VALUES (256, 86, 82, 54.33, 'Omnis molestiae mollitia inventore voluptas sed.');
INSERT INTO entrega (id, tarea_id, usuario_id, puntaje, comentario) VALUES (257, 86, 98, 81.95, 'Id eveniet nisi error quae quaerat.');
INSERT INTO entrega (id, tarea_id, usuario_id, puntaje, comentario) VALUES (258, 86, 54, 88.12, 'Nemo iure unde delectus eveniet id.');
INSERT INTO entrega (id, tarea_id, usuario_id, puntaje, comentario) VALUES (259, 87, 65, 55.05, 'Consequatur ad dicta earum odit.');
INSERT INTO entrega (id, tarea_id, usuario_id, puntaje, comentario) VALUES (260, 87, 49, 61.71, 'Asperiores amet eos quasi.');
INSERT INTO entrega (id, tarea_id, usuario_id, puntaje, comentario) VALUES (261, 87, 64, 81.78, 'Occaecati commodi asperiores quos atque sapiente occaecati.');
INSERT INTO entrega (id, tarea_id, usuario_id, puntaje, comentario) VALUES (262, 88, 63, 64.98, 'Aspernatur velit excepturi ipsum.');
INSERT INTO entrega (id, tarea_id, usuario_id, puntaje, comentario) VALUES (263, 88, 55, 84.32, 'Iusto quaerat velit praesentium.');
INSERT INTO entrega (id, tarea_id, usuario_id, puntaje, comentario) VALUES (264, 88, 93, 83.2, 'Totam voluptates nam provident voluptates veritatis nihil.');
INSERT INTO entrega (id, tarea_id, usuario_id, puntaje, comentario) VALUES (265, 89, 89, 69.32, 'Deserunt est blanditiis iusto.');
INSERT INTO entrega (id, tarea_id, usuario_id, puntaje, comentario) VALUES (266, 89, 98, 83.6, 'Perspiciatis amet corporis culpa ut.');
INSERT INTO entrega (id, tarea_id, usuario_id, puntaje, comentario) VALUES (267, 89, 44, 65.95, 'Delectus eveniet laboriosam necessitatibus.');
INSERT INTO entrega (id, tarea_id, usuario_id, puntaje, comentario) VALUES (268, 90, 66, 88.66, 'Rerum libero doloremque.');
INSERT INTO entrega (id, tarea_id, usuario_id, puntaje, comentario) VALUES (269, 90, 56, 84.62, 'Repellendus eligendi sapiente temporibus.');
INSERT INTO entrega (id, tarea_id, usuario_id, puntaje, comentario) VALUES (270, 90, 35, 93.02, 'Corrupti recusandae delectus commodi sit sed error.');
INSERT INTO entrega (id, tarea_id, usuario_id, puntaje, comentario) VALUES (271, 91, 1, 80.84, 'Officia aspernatur maxime fugiat officia et id reiciendis.');
INSERT INTO entrega (id, tarea_id, usuario_id, puntaje, comentario) VALUES (272, 91, 34, 77.8, 'Est quam quibusdam quisquam totam blanditiis quos.');
INSERT INTO entrega (id, tarea_id, usuario_id, puntaje, comentario) VALUES (273, 91, 86, 90.67, 'Qui rerum quae facere quis magnam neque.');
INSERT INTO entrega (id, tarea_id, usuario_id, puntaje, comentario) VALUES (274, 92, 42, 55.46, 'Nesciunt qui hic perspiciatis odit odit facere.');
INSERT INTO entrega (id, tarea_id, usuario_id, puntaje, comentario) VALUES (275, 92, 43, 51.69, 'Occaecati numquam consectetur laudantium animi dignissimos saepe.');
INSERT INTO entrega (id, tarea_id, usuario_id, puntaje, comentario) VALUES (276, 92, 70, 97.34, 'Doloribus est expedita.');
INSERT INTO entrega (id, tarea_id, usuario_id, puntaje, comentario) VALUES (277, 93, 50, 61.53, 'Velit provident doloremque unde exercitationem blanditiis delectus.');
INSERT INTO entrega (id, tarea_id, usuario_id, puntaje, comentario) VALUES (278, 93, 60, 73.05, 'Sit cupiditate est doloremque dolor.');
INSERT INTO entrega (id, tarea_id, usuario_id, puntaje, comentario) VALUES (279, 93, 87, 72.83, 'Nesciunt voluptatibus suscipit delectus laudantium voluptate id alias.');
INSERT INTO entrega (id, tarea_id, usuario_id, puntaje, comentario) VALUES (280, 94, 61, 98.3, 'Quaerat commodi culpa ullam.');
INSERT INTO entrega (id, tarea_id, usuario_id, puntaje, comentario) VALUES (281, 94, 38, 63.45, 'Nam reiciendis inventore veritatis magnam.');
INSERT INTO entrega (id, tarea_id, usuario_id, puntaje, comentario) VALUES (282, 94, 63, 65.78, 'Ducimus quo fugiat quo perspiciatis consectetur.');
INSERT INTO entrega (id, tarea_id, usuario_id, puntaje, comentario) VALUES (283, 95, 22, 70.96, 'Rerum ratione aliquid.');
INSERT INTO entrega (id, tarea_id, usuario_id, puntaje, comentario) VALUES (284, 95, 29, 52.83, 'Quia earum quia deserunt sit.');
INSERT INTO entrega (id, tarea_id, usuario_id, puntaje, comentario) VALUES (285, 95, 19, 53.46, 'Amet voluptatem quibusdam.');
INSERT INTO entrega (id, tarea_id, usuario_id, puntaje, comentario) VALUES (286, 96, 75, 93.49, 'Natus necessitatibus debitis doloremque sequi.');
INSERT INTO entrega (id, tarea_id, usuario_id, puntaje, comentario) VALUES (287, 96, 3, 66.57, 'Autem sunt rerum hic.');
INSERT INTO entrega (id, tarea_id, usuario_id, puntaje, comentario) VALUES (288, 96, 87, 66.33, 'Cum accusantium animi rem.');
INSERT INTO entrega (id, tarea_id, usuario_id, puntaje, comentario) VALUES (289, 97, 39, 94.08, 'Eveniet nisi quam recusandae alias eius culpa.');
INSERT INTO entrega (id, tarea_id, usuario_id, puntaje, comentario) VALUES (290, 97, 84, 53.23, 'Ullam est eius distinctio.');
INSERT INTO entrega (id, tarea_id, usuario_id, puntaje, comentario) VALUES (291, 97, 5, 69.3, 'Nam officia quo quia ipsa minima.');
INSERT INTO entrega (id, tarea_id, usuario_id, puntaje, comentario) VALUES (292, 98, 25, 57.43, 'Iste odit odio minima.');
INSERT INTO entrega (id, tarea_id, usuario_id, puntaje, comentario) VALUES (293, 98, 3, 99.99, 'Ratione voluptas impedit maxime quibusdam provident.');
INSERT INTO entrega (id, tarea_id, usuario_id, puntaje, comentario) VALUES (294, 98, 57, 85.63, 'Atque perspiciatis laudantium mollitia perspiciatis.');
INSERT INTO entrega (id, tarea_id, usuario_id, puntaje, comentario) VALUES (295, 99, 96, 51.68, 'Iure corporis veritatis quisquam culpa consequatur eum.');
INSERT INTO entrega (id, tarea_id, usuario_id, puntaje, comentario) VALUES (296, 99, 31, 52.72, 'Magnam consequuntur perferendis quasi.');
INSERT INTO entrega (id, tarea_id, usuario_id, puntaje, comentario) VALUES (297, 99, 57, 76.48, 'At exercitationem eveniet veniam quae sapiente ipsam.');
INSERT INTO entrega (id, tarea_id, usuario_id, puntaje, comentario) VALUES (298, 100, 24, 84.65, 'Sit dignissimos temporibus vel esse eligendi porro.');
INSERT INTO entrega (id, tarea_id, usuario_id, puntaje, comentario) VALUES (299, 100, 46, 59.87, 'Inventore quod animi.');
INSERT INTO entrega (id, tarea_id, usuario_id, puntaje, comentario) VALUES (300, 100, 53, 91.01, 'In iure a quia perspiciatis dolorem.');
INSERT INTO entrega (id, tarea_id, usuario_id, puntaje, comentario) VALUES (301, 101, 13, 51.54, 'Magnam dignissimos eveniet illo error.');
INSERT INTO entrega (id, tarea_id, usuario_id, puntaje, comentario) VALUES (302, 101, 85, 86.92, 'Nulla libero distinctio occaecati repellendus aliquam.');
INSERT INTO entrega (id, tarea_id, usuario_id, puntaje, comentario) VALUES (303, 101, 8, 81.44, 'Exercitationem et explicabo alias accusantium.');
INSERT INTO entrega (id, tarea_id, usuario_id, puntaje, comentario) VALUES (304, 102, 14, 99.59, 'Perferendis necessitatibus facilis modi delectus atque commodi aspernatur.');
INSERT INTO entrega (id, tarea_id, usuario_id, puntaje, comentario) VALUES (305, 102, 79, 84.61, 'Deleniti eveniet voluptatem aut nam.');
INSERT INTO entrega (id, tarea_id, usuario_id, puntaje, comentario) VALUES (306, 102, 53, 97.09, 'Alias amet ratione atque.');
INSERT INTO entrega (id, tarea_id, usuario_id, puntaje, comentario) VALUES (307, 103, 1, 66.35, 'Nam non at temporibus.');
INSERT INTO entrega (id, tarea_id, usuario_id, puntaje, comentario) VALUES (308, 103, 75, 95.83, 'Harum animi magni aut necessitatibus ullam.');
INSERT INTO entrega (id, tarea_id, usuario_id, puntaje, comentario) VALUES (309, 103, 61, 90.88, 'Soluta debitis in.');
INSERT INTO entrega (id, tarea_id, usuario_id, puntaje, comentario) VALUES (310, 104, 27, 54.8, 'Fuga totam pariatur ducimus corrupti.');
INSERT INTO entrega (id, tarea_id, usuario_id, puntaje, comentario) VALUES (311, 104, 76, 90.55, 'Sint facilis tenetur atque accusantium porro.');
INSERT INTO entrega (id, tarea_id, usuario_id, puntaje, comentario) VALUES (312, 104, 69, 95.46, 'Vel aspernatur maxime quia debitis ad quae.');
INSERT INTO entrega (id, tarea_id, usuario_id, puntaje, comentario) VALUES (313, 105, 47, 51.91, 'Dolores iure culpa inventore minus.');
INSERT INTO entrega (id, tarea_id, usuario_id, puntaje, comentario) VALUES (314, 105, 93, 99.61, 'Atque dolores reprehenderit quo sapiente.');
INSERT INTO entrega (id, tarea_id, usuario_id, puntaje, comentario) VALUES (315, 105, 74, 61.59, 'Quidem error qui.');
INSERT INTO entrega (id, tarea_id, usuario_id, puntaje, comentario) VALUES (316, 106, 25, 63.33, 'Provident quas cum.');
INSERT INTO entrega (id, tarea_id, usuario_id, puntaje, comentario) VALUES (317, 106, 80, 76.8, 'Corporis repellat exercitationem reiciendis facilis autem cumque.');
INSERT INTO entrega (id, tarea_id, usuario_id, puntaje, comentario) VALUES (318, 106, 38, 62.4, 'Pariatur ullam quos illum animi ea qui.');
INSERT INTO entrega (id, tarea_id, usuario_id, puntaje, comentario) VALUES (319, 107, 25, 51.54, 'Tenetur officia laborum autem.');
INSERT INTO entrega (id, tarea_id, usuario_id, puntaje, comentario) VALUES (320, 107, 15, 57.77, 'Praesentium reiciendis tempore reprehenderit.');
INSERT INTO entrega (id, tarea_id, usuario_id, puntaje, comentario) VALUES (321, 107, 16, 70.99, 'Harum aut quisquam suscipit.');
INSERT INTO entrega (id, tarea_id, usuario_id, puntaje, comentario) VALUES (322, 108, 59, 56.26, 'Amet nobis consectetur dolorum aliquid.');
INSERT INTO entrega (id, tarea_id, usuario_id, puntaje, comentario) VALUES (323, 108, 6, 94.12, 'Facere voluptatem enim fuga inventore ipsam aperiam quia.');
INSERT INTO entrega (id, tarea_id, usuario_id, puntaje, comentario) VALUES (324, 108, 50, 80.48, 'Sed quae iure impedit doloremque porro.');
INSERT INTO entrega (id, tarea_id, usuario_id, puntaje, comentario) VALUES (325, 109, 93, 81.58, 'Exercitationem reprehenderit neque.');
INSERT INTO entrega (id, tarea_id, usuario_id, puntaje, comentario) VALUES (326, 109, 6, 60.74, 'Culpa natus vitae fugiat quae exercitationem tenetur vero.');
INSERT INTO entrega (id, tarea_id, usuario_id, puntaje, comentario) VALUES (327, 109, 61, 92.75, 'Excepturi excepturi sequi veritatis.');
INSERT INTO entrega (id, tarea_id, usuario_id, puntaje, comentario) VALUES (328, 110, 82, 87.96, 'Sapiente cumque magni aliquam rem.');
INSERT INTO entrega (id, tarea_id, usuario_id, puntaje, comentario) VALUES (329, 110, 35, 70.64, 'Occaecati reprehenderit soluta ipsum eveniet ab tempore.');
INSERT INTO entrega (id, tarea_id, usuario_id, puntaje, comentario) VALUES (330, 110, 72, 72.8, 'Tempore qui eveniet omnis nulla.');
INSERT INTO entrega (id, tarea_id, usuario_id, puntaje, comentario) VALUES (331, 111, 32, 75.77, 'Dolore inventore dicta deleniti a.');
INSERT INTO entrega (id, tarea_id, usuario_id, puntaje, comentario) VALUES (332, 111, 39, 76.66, 'Eius molestiae mollitia dignissimos eligendi illo facere.');
INSERT INTO entrega (id, tarea_id, usuario_id, puntaje, comentario) VALUES (333, 111, 93, 91.44, 'Quos qui in fuga doloribus.');
INSERT INTO entrega (id, tarea_id, usuario_id, puntaje, comentario) VALUES (334, 112, 65, 88.85, 'Totam officiis soluta vitae accusantium earum tempora impedit.');
INSERT INTO entrega (id, tarea_id, usuario_id, puntaje, comentario) VALUES (335, 112, 99, 66.17, 'Itaque iste minus recusandae saepe.');
INSERT INTO entrega (id, tarea_id, usuario_id, puntaje, comentario) VALUES (336, 112, 91, 63.88, 'Repellendus ducimus quibusdam aperiam temporibus adipisci.');
INSERT INTO entrega (id, tarea_id, usuario_id, puntaje, comentario) VALUES (337, 113, 7, 66.75, 'Commodi consequuntur voluptate magni sint labore.');
INSERT INTO entrega (id, tarea_id, usuario_id, puntaje, comentario) VALUES (338, 113, 50, 79.15, 'Possimus culpa facilis nisi praesentium ex reiciendis.');
INSERT INTO entrega (id, tarea_id, usuario_id, puntaje, comentario) VALUES (339, 113, 70, 95.96, 'Vero quam magni.');
INSERT INTO entrega (id, tarea_id, usuario_id, puntaje, comentario) VALUES (340, 114, 90, 59.82, 'Aliquam similique quasi error exercitationem consequuntur placeat consequatur.');
INSERT INTO entrega (id, tarea_id, usuario_id, puntaje, comentario) VALUES (341, 114, 67, 60.39, 'Amet quam maxime dicta in natus.');
INSERT INTO entrega (id, tarea_id, usuario_id, puntaje, comentario) VALUES (342, 114, 43, 56.27, 'Excepturi consectetur asperiores quos.');
INSERT INTO entrega (id, tarea_id, usuario_id, puntaje, comentario) VALUES (343, 115, 32, 55.13, 'Ea possimus officia consequatur.');
INSERT INTO entrega (id, tarea_id, usuario_id, puntaje, comentario) VALUES (344, 115, 34, 89.66, 'Consequuntur velit dolore totam.');
INSERT INTO entrega (id, tarea_id, usuario_id, puntaje, comentario) VALUES (345, 115, 24, 95.23, 'Temporibus suscipit neque doloremque ipsam.');
INSERT INTO entrega (id, tarea_id, usuario_id, puntaje, comentario) VALUES (346, 116, 64, 59.19, 'Facilis minima autem atque saepe alias.');
INSERT INTO entrega (id, tarea_id, usuario_id, puntaje, comentario) VALUES (347, 116, 37, 99.02, 'Eos necessitatibus consequuntur sapiente.');
INSERT INTO entrega (id, tarea_id, usuario_id, puntaje, comentario) VALUES (348, 116, 4, 93.8, 'Architecto consectetur eius dicta officiis facere.');
INSERT INTO entrega (id, tarea_id, usuario_id, puntaje, comentario) VALUES (349, 117, 50, 96.61, 'Quibusdam reiciendis numquam consequatur aut illo iste.');
INSERT INTO entrega (id, tarea_id, usuario_id, puntaje, comentario) VALUES (350, 117, 96, 90.79, 'Sequi corporis modi amet.');
INSERT INTO entrega (id, tarea_id, usuario_id, puntaje, comentario) VALUES (351, 117, 4, 66.8, 'Cumque reprehenderit vel odit nostrum architecto excepturi.');
INSERT INTO entrega (id, tarea_id, usuario_id, puntaje, comentario) VALUES (352, 118, 65, 97.54, 'Vero cumque mollitia error rem.');
INSERT INTO entrega (id, tarea_id, usuario_id, puntaje, comentario) VALUES (353, 118, 36, 71.1, 'Dolorum nobis vitae consectetur.');
INSERT INTO entrega (id, tarea_id, usuario_id, puntaje, comentario) VALUES (354, 118, 73, 62.2, 'Expedita quas saepe.');
INSERT INTO entrega (id, tarea_id, usuario_id, puntaje, comentario) VALUES (355, 119, 70, 75.53, 'In fugit neque fugiat.');
INSERT INTO entrega (id, tarea_id, usuario_id, puntaje, comentario) VALUES (356, 119, 83, 69.55, 'Nemo consequatur maiores similique dolorem minima reprehenderit.');
INSERT INTO entrega (id, tarea_id, usuario_id, puntaje, comentario) VALUES (357, 119, 44, 55.05, 'Nulla unde dolores quae sapiente quam ipsam.');
INSERT INTO entrega (id, tarea_id, usuario_id, puntaje, comentario) VALUES (358, 120, 79, 61.49, 'Rem ipsa error quas aliquid incidunt consequuntur.');
INSERT INTO entrega (id, tarea_id, usuario_id, puntaje, comentario) VALUES (359, 120, 23, 70.18, 'Sit molestiae hic saepe.');
INSERT INTO entrega (id, tarea_id, usuario_id, puntaje, comentario) VALUES (360, 120, 81, 93.36, 'Quasi officia aliquam officiis consequatur libero labore facere.');
INSERT INTO entrega (id, tarea_id, usuario_id, puntaje, comentario) VALUES (361, 121, 5, 62.37, 'Excepturi quod laboriosam neque quod.');
INSERT INTO entrega (id, tarea_id, usuario_id, puntaje, comentario) VALUES (362, 121, 35, 80.25, 'Veritatis blanditiis natus veniam deleniti necessitatibus.');
INSERT INTO entrega (id, tarea_id, usuario_id, puntaje, comentario) VALUES (363, 121, 13, 50.39, 'Magnam veritatis quod voluptas ratione adipisci enim dolorem.');
INSERT INTO entrega (id, tarea_id, usuario_id, puntaje, comentario) VALUES (364, 122, 60, 52.45, 'Neque iure perspiciatis repudiandae.');
INSERT INTO entrega (id, tarea_id, usuario_id, puntaje, comentario) VALUES (365, 122, 11, 55.6, 'Blanditiis illum iusto molestias.');
INSERT INTO entrega (id, tarea_id, usuario_id, puntaje, comentario) VALUES (366, 122, 9, 53.89, 'Dignissimos qui iure itaque tempora aspernatur.');
INSERT INTO entrega (id, tarea_id, usuario_id, puntaje, comentario) VALUES (367, 123, 11, 89.18, 'Inventore soluta iste iusto dolor ex aspernatur.');
INSERT INTO entrega (id, tarea_id, usuario_id, puntaje, comentario) VALUES (368, 123, 87, 60.6, 'Quo magni vero natus maiores excepturi.');
INSERT INTO entrega (id, tarea_id, usuario_id, puntaje, comentario) VALUES (369, 123, 48, 64.37, 'Deleniti fugiat veritatis enim culpa molestias.');
INSERT INTO entrega (id, tarea_id, usuario_id, puntaje, comentario) VALUES (370, 124, 12, 88.49, 'Ipsa omnis ullam deserunt expedita.');
INSERT INTO entrega (id, tarea_id, usuario_id, puntaje, comentario) VALUES (371, 124, 85, 57.65, 'Odit ipsa ad quasi.');
INSERT INTO entrega (id, tarea_id, usuario_id, puntaje, comentario) VALUES (372, 124, 64, 89.09, 'Molestias dignissimos autem repudiandae sint saepe.');
INSERT INTO entrega (id, tarea_id, usuario_id, puntaje, comentario) VALUES (373, 125, 83, 99.88, 'Suscipit esse magni eos.');
INSERT INTO entrega (id, tarea_id, usuario_id, puntaje, comentario) VALUES (374, 125, 43, 77.42, 'Vel error aliquam possimus.');
INSERT INTO entrega (id, tarea_id, usuario_id, puntaje, comentario) VALUES (375, 125, 37, 71.79, 'Perspiciatis tenetur dolorum doloremque.');

--Calificaciones
INSERT INTO calificacion (entrega_id, calificacion, evaluador_id) VALUES (1, 77.65, 34);
INSERT INTO calificacion (entrega_id, calificacion, evaluador_id) VALUES (2, 95.15, 15);
INSERT INTO calificacion (entrega_id, calificacion, evaluador_id) VALUES (3, 74.23, 68);
INSERT INTO calificacion (entrega_id, calificacion, evaluador_id) VALUES (4, 74.06, 83);
INSERT INTO calificacion (entrega_id, calificacion, evaluador_id) VALUES (5, 75.78, 39);
INSERT INTO calificacion (entrega_id, calificacion, evaluador_id) VALUES (6, 94.79, 43);
INSERT INTO calificacion (entrega_id, calificacion, evaluador_id) VALUES (7, 87.18, 7);
INSERT INTO calificacion (entrega_id, calificacion, evaluador_id) VALUES (8, 85.78, 60);
INSERT INTO calificacion (entrega_id, calificacion, evaluador_id) VALUES (9, 81.98, 24);
INSERT INTO calificacion (entrega_id, calificacion, evaluador_id) VALUES (10, 61.52, 75);
INSERT INTO calificacion (entrega_id, calificacion, evaluador_id) VALUES (11, 65.81, 68);
INSERT INTO calificacion (entrega_id, calificacion, evaluador_id) VALUES (12, 79.99, 76);
INSERT INTO calificacion (entrega_id, calificacion, evaluador_id) VALUES (13, 78.25, 11);
INSERT INTO calificacion (entrega_id, calificacion, evaluador_id) VALUES (14, 93.51, 61);
INSERT INTO calificacion (entrega_id, calificacion, evaluador_id) VALUES (15, 64.85, 72);
INSERT INTO calificacion (entrega_id, calificacion, evaluador_id) VALUES (16, 62.8, 59);
INSERT INTO calificacion (entrega_id, calificacion, evaluador_id) VALUES (17, 99.27, 43);
INSERT INTO calificacion (entrega_id, calificacion, evaluador_id) VALUES (18, 90.68, 60);
INSERT INTO calificacion (entrega_id, calificacion, evaluador_id) VALUES (19, 78.89, 46);
INSERT INTO calificacion (entrega_id, calificacion, evaluador_id) VALUES (20, 63.83, 59);
INSERT INTO calificacion (entrega_id, calificacion, evaluador_id) VALUES (21, 70.53, 60);
INSERT INTO calificacion (entrega_id, calificacion, evaluador_id) VALUES (22, 74.11, 45);
INSERT INTO calificacion (entrega_id, calificacion, evaluador_id) VALUES (23, 88.94, 91);
INSERT INTO calificacion (entrega_id, calificacion, evaluador_id) VALUES (24, 90.46, 29);
INSERT INTO calificacion (entrega_id, calificacion, evaluador_id) VALUES (25, 99.41, 70);
INSERT INTO calificacion (entrega_id, calificacion, evaluador_id) VALUES (26, 86.5, 76);
INSERT INTO calificacion (entrega_id, calificacion, evaluador_id) VALUES (27, 87.39, 24);
INSERT INTO calificacion (entrega_id, calificacion, evaluador_id) VALUES (28, 89.32, 83);
INSERT INTO calificacion (entrega_id, calificacion, evaluador_id) VALUES (29, 65.21, 61);
INSERT INTO calificacion (entrega_id, calificacion, evaluador_id) VALUES (30, 74.47, 10);
INSERT INTO calificacion (entrega_id, calificacion, evaluador_id) VALUES (31, 92.89, 24);
INSERT INTO calificacion (entrega_id, calificacion, evaluador_id) VALUES (32, 95.88, 43);
INSERT INTO calificacion (entrega_id, calificacion, evaluador_id) VALUES (33, 73.95, 7);
INSERT INTO calificacion (entrega_id, calificacion, evaluador_id) VALUES (34, 83.18, 72);
INSERT INTO calificacion (entrega_id, calificacion, evaluador_id) VALUES (35, 60.1, 10);
INSERT INTO calificacion (entrega_id, calificacion, evaluador_id) VALUES (36, 79.73, 42);
INSERT INTO calificacion (entrega_id, calificacion, evaluador_id) VALUES (37, 67.2, 68);
INSERT INTO calificacion (entrega_id, calificacion, evaluador_id) VALUES (38, 60.54, 70);
INSERT INTO calificacion (entrega_id, calificacion, evaluador_id) VALUES (39, 80.73, 72);
INSERT INTO calificacion (entrega_id, calificacion, evaluador_id) VALUES (40, 90.08, 61);
INSERT INTO calificacion (entrega_id, calificacion, evaluador_id) VALUES (41, 69.6, 75);
INSERT INTO calificacion (entrega_id, calificacion, evaluador_id) VALUES (42, 96.87, 7);
INSERT INTO calificacion (entrega_id, calificacion, evaluador_id) VALUES (43, 85.4, 63);
INSERT INTO calificacion (entrega_id, calificacion, evaluador_id) VALUES (44, 93.28, 34);
INSERT INTO calificacion (entrega_id, calificacion, evaluador_id) VALUES (45, 89.82, 59);
INSERT INTO calificacion (entrega_id, calificacion, evaluador_id) VALUES (46, 93.18, 83);
INSERT INTO calificacion (entrega_id, calificacion, evaluador_id) VALUES (47, 81.04, 42);
INSERT INTO calificacion (entrega_id, calificacion, evaluador_id) VALUES (48, 60.34, 60);
INSERT INTO calificacion (entrega_id, calificacion, evaluador_id) VALUES (49, 61.94, 25);
INSERT INTO calificacion (entrega_id, calificacion, evaluador_id) VALUES (50, 84.99, 34);
INSERT INTO calificacion (entrega_id, calificacion, evaluador_id) VALUES (51, 80.84, 29);
INSERT INTO calificacion (entrega_id, calificacion, evaluador_id) VALUES (52, 66.22, 45);
INSERT INTO calificacion (entrega_id, calificacion, evaluador_id) VALUES (53, 94.88, 80);
INSERT INTO calificacion (entrega_id, calificacion, evaluador_id) VALUES (54, 96.0, 46);
INSERT INTO calificacion (entrega_id, calificacion, evaluador_id) VALUES (55, 83.28, 46);
INSERT INTO calificacion (entrega_id, calificacion, evaluador_id) VALUES (56, 79.8, 46);
INSERT INTO calificacion (entrega_id, calificacion, evaluador_id) VALUES (57, 85.38, 100);
INSERT INTO calificacion (entrega_id, calificacion, evaluador_id) VALUES (58, 62.61, 79);
INSERT INTO calificacion (entrega_id, calificacion, evaluador_id) VALUES (59, 66.78, 79);
INSERT INTO calificacion (entrega_id, calificacion, evaluador_id) VALUES (60, 81.09, 80);
INSERT INTO calificacion (entrega_id, calificacion, evaluador_id) VALUES (61, 92.56, 12);
INSERT INTO calificacion (entrega_id, calificacion, evaluador_id) VALUES (62, 60.38, 80);
INSERT INTO calificacion (entrega_id, calificacion, evaluador_id) VALUES (63, 70.23, 76);
INSERT INTO calificacion (entrega_id, calificacion, evaluador_id) VALUES (64, 87.47, 25);
INSERT INTO calificacion (entrega_id, calificacion, evaluador_id) VALUES (65, 96.31, 100);
INSERT INTO calificacion (entrega_id, calificacion, evaluador_id) VALUES (66, 84.16, 15);
INSERT INTO calificacion (entrega_id, calificacion, evaluador_id) VALUES (67, 63.24, 63);
INSERT INTO calificacion (entrega_id, calificacion, evaluador_id) VALUES (68, 60.02, 75);
INSERT INTO calificacion (entrega_id, calificacion, evaluador_id) VALUES (69, 64.42, 83);
INSERT INTO calificacion (entrega_id, calificacion, evaluador_id) VALUES (70, 80.13, 10);
INSERT INTO calificacion (entrega_id, calificacion, evaluador_id) VALUES (71, 85.59, 11);
INSERT INTO calificacion (entrega_id, calificacion, evaluador_id) VALUES (72, 85.53, 39);
INSERT INTO calificacion (entrega_id, calificacion, evaluador_id) VALUES (73, 92.91, 83);
INSERT INTO calificacion (entrega_id, calificacion, evaluador_id) VALUES (74, 98.24, 43);
INSERT INTO calificacion (entrega_id, calificacion, evaluador_id) VALUES (75, 97.62, 75);
INSERT INTO calificacion (entrega_id, calificacion, evaluador_id) VALUES (76, 88.68, 25);
INSERT INTO calificacion (entrega_id, calificacion, evaluador_id) VALUES (77, 65.58, 45);
INSERT INTO calificacion (entrega_id, calificacion, evaluador_id) VALUES (78, 85.31, 59);
INSERT INTO calificacion (entrega_id, calificacion, evaluador_id) VALUES (79, 62.68, 45);
INSERT INTO calificacion (entrega_id, calificacion, evaluador_id) VALUES (80, 96.2, 80);
INSERT INTO calificacion (entrega_id, calificacion, evaluador_id) VALUES (81, 84.4, 29);
INSERT INTO calificacion (entrega_id, calificacion, evaluador_id) VALUES (82, 78.74, 46);
INSERT INTO calificacion (entrega_id, calificacion, evaluador_id) VALUES (83, 92.69, 83);
INSERT INTO calificacion (entrega_id, calificacion, evaluador_id) VALUES (84, 63.51, 11);
INSERT INTO calificacion (entrega_id, calificacion, evaluador_id) VALUES (85, 99.16, 82);
INSERT INTO calificacion (entrega_id, calificacion, evaluador_id) VALUES (86, 64.63, 68);
INSERT INTO calificacion (entrega_id, calificacion, evaluador_id) VALUES (87, 70.13, 60);
INSERT INTO calificacion (entrega_id, calificacion, evaluador_id) VALUES (88, 78.21, 34);
INSERT INTO calificacion (entrega_id, calificacion, evaluador_id) VALUES (89, 94.55, 82);
INSERT INTO calificacion (entrega_id, calificacion, evaluador_id) VALUES (90, 70.51, 34);
INSERT INTO calificacion (entrega_id, calificacion, evaluador_id) VALUES (91, 64.65, 70);
INSERT INTO calificacion (entrega_id, calificacion, evaluador_id) VALUES (92, 84.15, 63);
INSERT INTO calificacion (entrega_id, calificacion, evaluador_id) VALUES (93, 85.77, 11);
INSERT INTO calificacion (entrega_id, calificacion, evaluador_id) VALUES (94, 60.32, 72);
INSERT INTO calificacion (entrega_id, calificacion, evaluador_id) VALUES (95, 73.05, 31);
INSERT INTO calificacion (entrega_id, calificacion, evaluador_id) VALUES (96, 76.95, 70);
INSERT INTO calificacion (entrega_id, calificacion, evaluador_id) VALUES (97, 75.77, 60);
INSERT INTO calificacion (entrega_id, calificacion, evaluador_id) VALUES (98, 92.36, 10);
INSERT INTO calificacion (entrega_id, calificacion, evaluador_id) VALUES (99, 86.81, 46);
INSERT INTO calificacion (entrega_id, calificacion, evaluador_id) VALUES (100, 78.14, 24);
INSERT INTO calificacion (entrega_id, calificacion, evaluador_id) VALUES (101, 91.69, 12);
INSERT INTO calificacion (entrega_id, calificacion, evaluador_id) VALUES (102, 76.3, 39);
INSERT INTO calificacion (entrega_id, calificacion, evaluador_id) VALUES (103, 79.67, 91);
INSERT INTO calificacion (entrega_id, calificacion, evaluador_id) VALUES (104, 66.01, 12);
INSERT INTO calificacion (entrega_id, calificacion, evaluador_id) VALUES (105, 72.94, 31);
INSERT INTO calificacion (entrega_id, calificacion, evaluador_id) VALUES (106, 79.32, 31);
INSERT INTO calificacion (entrega_id, calificacion, evaluador_id) VALUES (107, 61.78, 7);
INSERT INTO calificacion (entrega_id, calificacion, evaluador_id) VALUES (108, 99.24, 84);
INSERT INTO calificacion (entrega_id, calificacion, evaluador_id) VALUES (109, 90.18, 7);
INSERT INTO calificacion (entrega_id, calificacion, evaluador_id) VALUES (110, 74.6, 72);
INSERT INTO calificacion (entrega_id, calificacion, evaluador_id) VALUES (111, 94.31, 11);
INSERT INTO calificacion (entrega_id, calificacion, evaluador_id) VALUES (112, 83.16, 29);
INSERT INTO calificacion (entrega_id, calificacion, evaluador_id) VALUES (113, 65.55, 45);
INSERT INTO calificacion (entrega_id, calificacion, evaluador_id) VALUES (114, 81.42, 15);
INSERT INTO calificacion (entrega_id, calificacion, evaluador_id) VALUES (115, 95.01, 11);
INSERT INTO calificacion (entrega_id, calificacion, evaluador_id) VALUES (116, 83.55, 70);
INSERT INTO calificacion (entrega_id, calificacion, evaluador_id) VALUES (117, 78.73, 63);
INSERT INTO calificacion (entrega_id, calificacion, evaluador_id) VALUES (118, 70.55, 24);
INSERT INTO calificacion (entrega_id, calificacion, evaluador_id) VALUES (119, 68.69, 29);
INSERT INTO calificacion (entrega_id, calificacion, evaluador_id) VALUES (120, 91.48, 60);
INSERT INTO calificacion (entrega_id, calificacion, evaluador_id) VALUES (121, 71.48, 75);
INSERT INTO calificacion (entrega_id, calificacion, evaluador_id) VALUES (122, 71.53, 11);
INSERT INTO calificacion (entrega_id, calificacion, evaluador_id) VALUES (123, 68.26, 63);
INSERT INTO calificacion (entrega_id, calificacion, evaluador_id) VALUES (124, 64.72, 72);
INSERT INTO calificacion (entrega_id, calificacion, evaluador_id) VALUES (125, 99.1, 59);
INSERT INTO calificacion (entrega_id, calificacion, evaluador_id) VALUES (126, 99.58, 10);
INSERT INTO calificacion (entrega_id, calificacion, evaluador_id) VALUES (127, 75.29, 7);
INSERT INTO calificacion (entrega_id, calificacion, evaluador_id) VALUES (128, 88.29, 91);
INSERT INTO calificacion (entrega_id, calificacion, evaluador_id) VALUES (129, 81.49, 42);
INSERT INTO calificacion (entrega_id, calificacion, evaluador_id) VALUES (130, 77.68, 91);
INSERT INTO calificacion (entrega_id, calificacion, evaluador_id) VALUES (131, 90.11, 45);
INSERT INTO calificacion (entrega_id, calificacion, evaluador_id) VALUES (132, 97.16, 25);
INSERT INTO calificacion (entrega_id, calificacion, evaluador_id) VALUES (133, 68.27, 70);
INSERT INTO calificacion (entrega_id, calificacion, evaluador_id) VALUES (134, 68.53, 15);
INSERT INTO calificacion (entrega_id, calificacion, evaluador_id) VALUES (135, 72.94, 63);
INSERT INTO calificacion (entrega_id, calificacion, evaluador_id) VALUES (136, 82.01, 91);
INSERT INTO calificacion (entrega_id, calificacion, evaluador_id) VALUES (137, 61.81, 68);
INSERT INTO calificacion (entrega_id, calificacion, evaluador_id) VALUES (138, 99.36, 80);
INSERT INTO calificacion (entrega_id, calificacion, evaluador_id) VALUES (139, 75.25, 7);
INSERT INTO calificacion (entrega_id, calificacion, evaluador_id) VALUES (140, 90.68, 43);
INSERT INTO calificacion (entrega_id, calificacion, evaluador_id) VALUES (141, 99.14, 45);
INSERT INTO calificacion (entrega_id, calificacion, evaluador_id) VALUES (142, 87.57, 29);
INSERT INTO calificacion (entrega_id, calificacion, evaluador_id) VALUES (143, 91.28, 60);
INSERT INTO calificacion (entrega_id, calificacion, evaluador_id) VALUES (144, 97.98, 29);
INSERT INTO calificacion (entrega_id, calificacion, evaluador_id) VALUES (145, 83.54, 100);
INSERT INTO calificacion (entrega_id, calificacion, evaluador_id) VALUES (146, 66.41, 61);
INSERT INTO calificacion (entrega_id, calificacion, evaluador_id) VALUES (147, 64.56, 63);
INSERT INTO calificacion (entrega_id, calificacion, evaluador_id) VALUES (148, 83.65, 100);
INSERT INTO calificacion (entrega_id, calificacion, evaluador_id) VALUES (149, 81.83, 76);
INSERT INTO calificacion (entrega_id, calificacion, evaluador_id) VALUES (150, 78.77, 45);
INSERT INTO calificacion (entrega_id, calificacion, evaluador_id) VALUES (151, 62.61, 70);
INSERT INTO calificacion (entrega_id, calificacion, evaluador_id) VALUES (152, 66.32, 61);
INSERT INTO calificacion (entrega_id, calificacion, evaluador_id) VALUES (153, 62.93, 84);
INSERT INTO calificacion (entrega_id, calificacion, evaluador_id) VALUES (154, 88.76, 42);
INSERT INTO calificacion (entrega_id, calificacion, evaluador_id) VALUES (155, 78.17, 29);
INSERT INTO calificacion (entrega_id, calificacion, evaluador_id) VALUES (156, 86.98, 82);
INSERT INTO calificacion (entrega_id, calificacion, evaluador_id) VALUES (157, 77.99, 11);
INSERT INTO calificacion (entrega_id, calificacion, evaluador_id) VALUES (158, 95.54, 15);
INSERT INTO calificacion (entrega_id, calificacion, evaluador_id) VALUES (159, 77.92, 15);
INSERT INTO calificacion (entrega_id, calificacion, evaluador_id) VALUES (160, 76.79, 70);
INSERT INTO calificacion (entrega_id, calificacion, evaluador_id) VALUES (161, 74.83, 24);
INSERT INTO calificacion (entrega_id, calificacion, evaluador_id) VALUES (162, 70.44, 42);
INSERT INTO calificacion (entrega_id, calificacion, evaluador_id) VALUES (163, 78.59, 75);
INSERT INTO calificacion (entrega_id, calificacion, evaluador_id) VALUES (164, 93.61, 43);
INSERT INTO calificacion (entrega_id, calificacion, evaluador_id) VALUES (165, 88.75, 60);
INSERT INTO calificacion (entrega_id, calificacion, evaluador_id) VALUES (166, 88.76, 39);
INSERT INTO calificacion (entrega_id, calificacion, evaluador_id) VALUES (167, 85.88, 45);
INSERT INTO calificacion (entrega_id, calificacion, evaluador_id) VALUES (168, 69.68, 42);
INSERT INTO calificacion (entrega_id, calificacion, evaluador_id) VALUES (169, 83.97, 70);
INSERT INTO calificacion (entrega_id, calificacion, evaluador_id) VALUES (170, 71.23, 29);
INSERT INTO calificacion (entrega_id, calificacion, evaluador_id) VALUES (171, 91.48, 7);
INSERT INTO calificacion (entrega_id, calificacion, evaluador_id) VALUES (172, 60.72, 31);
INSERT INTO calificacion (entrega_id, calificacion, evaluador_id) VALUES (173, 83.05, 24);
INSERT INTO calificacion (entrega_id, calificacion, evaluador_id) VALUES (174, 66.88, 80);
INSERT INTO calificacion (entrega_id, calificacion, evaluador_id) VALUES (175, 69.69, 63);
INSERT INTO calificacion (entrega_id, calificacion, evaluador_id) VALUES (176, 82.1, 60);
INSERT INTO calificacion (entrega_id, calificacion, evaluador_id) VALUES (177, 92.86, 68);
INSERT INTO calificacion (entrega_id, calificacion, evaluador_id) VALUES (178, 60.64, 91);
INSERT INTO calificacion (entrega_id, calificacion, evaluador_id) VALUES (179, 93.64, 72);
INSERT INTO calificacion (entrega_id, calificacion, evaluador_id) VALUES (180, 78.02, 80);
INSERT INTO calificacion (entrega_id, calificacion, evaluador_id) VALUES (181, 83.26, 45);
INSERT INTO calificacion (entrega_id, calificacion, evaluador_id) VALUES (182, 86.3, 79);
INSERT INTO calificacion (entrega_id, calificacion, evaluador_id) VALUES (183, 66.79, 59);
INSERT INTO calificacion (entrega_id, calificacion, evaluador_id) VALUES (184, 87.93, 45);
INSERT INTO calificacion (entrega_id, calificacion, evaluador_id) VALUES (185, 65.71, 39);
INSERT INTO calificacion (entrega_id, calificacion, evaluador_id) VALUES (186, 64.28, 10);
INSERT INTO calificacion (entrega_id, calificacion, evaluador_id) VALUES (187, 61.04, 29);
INSERT INTO calificacion (entrega_id, calificacion, evaluador_id) VALUES (188, 95.0, 46);
INSERT INTO calificacion (entrega_id, calificacion, evaluador_id) VALUES (189, 95.63, 39);
INSERT INTO calificacion (entrega_id, calificacion, evaluador_id) VALUES (190, 96.27, 25);
INSERT INTO calificacion (entrega_id, calificacion, evaluador_id) VALUES (191, 86.38, 91);
INSERT INTO calificacion (entrega_id, calificacion, evaluador_id) VALUES (192, 90.94, 82);
INSERT INTO calificacion (entrega_id, calificacion, evaluador_id) VALUES (193, 97.98, 61);
INSERT INTO calificacion (entrega_id, calificacion, evaluador_id) VALUES (194, 71.0, 45);
INSERT INTO calificacion (entrega_id, calificacion, evaluador_id) VALUES (195, 67.54, 79);
INSERT INTO calificacion (entrega_id, calificacion, evaluador_id) VALUES (196, 76.22, 43);
INSERT INTO calificacion (entrega_id, calificacion, evaluador_id) VALUES (197, 63.69, 29);
INSERT INTO calificacion (entrega_id, calificacion, evaluador_id) VALUES (198, 74.16, 59);
INSERT INTO calificacion (entrega_id, calificacion, evaluador_id) VALUES (199, 81.45, 24);
INSERT INTO calificacion (entrega_id, calificacion, evaluador_id) VALUES (200, 79.89, 82);
INSERT INTO calificacion (entrega_id, calificacion, evaluador_id) VALUES (201, 72.47, 31);
INSERT INTO calificacion (entrega_id, calificacion, evaluador_id) VALUES (202, 76.91, 79);
INSERT INTO calificacion (entrega_id, calificacion, evaluador_id) VALUES (203, 81.81, 15);
INSERT INTO calificacion (entrega_id, calificacion, evaluador_id) VALUES (204, 92.01, 59);
INSERT INTO calificacion (entrega_id, calificacion, evaluador_id) VALUES (205, 83.96, 84);
INSERT INTO calificacion (entrega_id, calificacion, evaluador_id) VALUES (206, 88.04, 82);
INSERT INTO calificacion (entrega_id, calificacion, evaluador_id) VALUES (207, 80.91, 42);
INSERT INTO calificacion (entrega_id, calificacion, evaluador_id) VALUES (208, 93.79, 79);
INSERT INTO calificacion (entrega_id, calificacion, evaluador_id) VALUES (209, 82.04, 24);
INSERT INTO calificacion (entrega_id, calificacion, evaluador_id) VALUES (210, 76.84, 45);
INSERT INTO calificacion (entrega_id, calificacion, evaluador_id) VALUES (211, 74.78, 24);
INSERT INTO calificacion (entrega_id, calificacion, evaluador_id) VALUES (212, 99.78, 12);
INSERT INTO calificacion (entrega_id, calificacion, evaluador_id) VALUES (213, 97.01, 59);
INSERT INTO calificacion (entrega_id, calificacion, evaluador_id) VALUES (214, 80.31, 10);
INSERT INTO calificacion (entrega_id, calificacion, evaluador_id) VALUES (215, 69.39, 63);
INSERT INTO calificacion (entrega_id, calificacion, evaluador_id) VALUES (216, 66.46, 34);
INSERT INTO calificacion (entrega_id, calificacion, evaluador_id) VALUES (217, 82.18, 91);
INSERT INTO calificacion (entrega_id, calificacion, evaluador_id) VALUES (218, 80.01, 60);
INSERT INTO calificacion (entrega_id, calificacion, evaluador_id) VALUES (219, 71.95, 37);
INSERT INTO calificacion (entrega_id, calificacion, evaluador_id) VALUES (220, 92.63, 100);
INSERT INTO calificacion (entrega_id, calificacion, evaluador_id) VALUES (221, 91.71, 25);
INSERT INTO calificacion (entrega_id, calificacion, evaluador_id) VALUES (222, 60.34, 7);
INSERT INTO calificacion (entrega_id, calificacion, evaluador_id) VALUES (223, 78.46, 34);
INSERT INTO calificacion (entrega_id, calificacion, evaluador_id) VALUES (224, 75.01, 61);
INSERT INTO calificacion (entrega_id, calificacion, evaluador_id) VALUES (225, 96.81, 15);
INSERT INTO calificacion (entrega_id, calificacion, evaluador_id) VALUES (226, 94.46, 45);
INSERT INTO calificacion (entrega_id, calificacion, evaluador_id) VALUES (227, 97.92, 31);
INSERT INTO calificacion (entrega_id, calificacion, evaluador_id) VALUES (228, 85.4, 31);
INSERT INTO calificacion (entrega_id, calificacion, evaluador_id) VALUES (229, 92.2, 45);
INSERT INTO calificacion (entrega_id, calificacion, evaluador_id) VALUES (230, 96.34, 84);
INSERT INTO calificacion (entrega_id, calificacion, evaluador_id) VALUES (231, 94.02, 29);
INSERT INTO calificacion (entrega_id, calificacion, evaluador_id) VALUES (232, 86.95, 12);
INSERT INTO calificacion (entrega_id, calificacion, evaluador_id) VALUES (233, 81.76, 63);
INSERT INTO calificacion (entrega_id, calificacion, evaluador_id) VALUES (234, 89.4, 46);
INSERT INTO calificacion (entrega_id, calificacion, evaluador_id) VALUES (235, 90.45, 70);
INSERT INTO calificacion (entrega_id, calificacion, evaluador_id) VALUES (236, 65.38, 60);
INSERT INTO calificacion (entrega_id, calificacion, evaluador_id) VALUES (237, 61.99, 11);
INSERT INTO calificacion (entrega_id, calificacion, evaluador_id) VALUES (238, 81.87, 15);
INSERT INTO calificacion (entrega_id, calificacion, evaluador_id) VALUES (239, 98.12, 82);
INSERT INTO calificacion (entrega_id, calificacion, evaluador_id) VALUES (240, 99.45, 72);
INSERT INTO calificacion (entrega_id, calificacion, evaluador_id) VALUES (241, 75.39, 29);
INSERT INTO calificacion (entrega_id, calificacion, evaluador_id) VALUES (242, 68.12, 29);
INSERT INTO calificacion (entrega_id, calificacion, evaluador_id) VALUES (243, 78.66, 37);
INSERT INTO calificacion (entrega_id, calificacion, evaluador_id) VALUES (244, 84.32, 39);
INSERT INTO calificacion (entrega_id, calificacion, evaluador_id) VALUES (245, 91.06, 15);
INSERT INTO calificacion (entrega_id, calificacion, evaluador_id) VALUES (246, 83.87, 70);
INSERT INTO calificacion (entrega_id, calificacion, evaluador_id) VALUES (247, 61.56, 31);
INSERT INTO calificacion (entrega_id, calificacion, evaluador_id) VALUES (248, 77.46, 72);
INSERT INTO calificacion (entrega_id, calificacion, evaluador_id) VALUES (249, 73.39, 80);
INSERT INTO calificacion (entrega_id, calificacion, evaluador_id) VALUES (250, 86.66, 84);
INSERT INTO calificacion (entrega_id, calificacion, evaluador_id) VALUES (251, 75.35, 79);
INSERT INTO calificacion (entrega_id, calificacion, evaluador_id) VALUES (252, 70.85, 11);
INSERT INTO calificacion (entrega_id, calificacion, evaluador_id) VALUES (253, 77.16, 72);
INSERT INTO calificacion (entrega_id, calificacion, evaluador_id) VALUES (254, 76.26, 24);
INSERT INTO calificacion (entrega_id, calificacion, evaluador_id) VALUES (255, 70.2, 84);
INSERT INTO calificacion (entrega_id, calificacion, evaluador_id) VALUES (256, 86.41, 76);
INSERT INTO calificacion (entrega_id, calificacion, evaluador_id) VALUES (257, 67.22, 79);
INSERT INTO calificacion (entrega_id, calificacion, evaluador_id) VALUES (258, 74.06, 15);
INSERT INTO calificacion (entrega_id, calificacion, evaluador_id) VALUES (259, 94.29, 75);
INSERT INTO calificacion (entrega_id, calificacion, evaluador_id) VALUES (260, 60.12, 61);
INSERT INTO calificacion (entrega_id, calificacion, evaluador_id) VALUES (261, 66.2, 72);
INSERT INTO calificacion (entrega_id, calificacion, evaluador_id) VALUES (262, 80.18, 80);
INSERT INTO calificacion (entrega_id, calificacion, evaluador_id) VALUES (263, 60.81, 68);
INSERT INTO calificacion (entrega_id, calificacion, evaluador_id) VALUES (264, 65.47, 59);
INSERT INTO calificacion (entrega_id, calificacion, evaluador_id) VALUES (265, 60.61, 10);
INSERT INTO calificacion (entrega_id, calificacion, evaluador_id) VALUES (266, 82.57, 100);
INSERT INTO calificacion (entrega_id, calificacion, evaluador_id) VALUES (267, 61.35, 72);
INSERT INTO calificacion (entrega_id, calificacion, evaluador_id) VALUES (268, 61.27, 7);
INSERT INTO calificacion (entrega_id, calificacion, evaluador_id) VALUES (269, 95.05, 24);
INSERT INTO calificacion (entrega_id, calificacion, evaluador_id) VALUES (270, 80.08, 72);
INSERT INTO calificacion (entrega_id, calificacion, evaluador_id) VALUES (271, 82.39, 79);
INSERT INTO calificacion (entrega_id, calificacion, evaluador_id) VALUES (272, 90.49, 25);
INSERT INTO calificacion (entrega_id, calificacion, evaluador_id) VALUES (273, 65.46, 84);
INSERT INTO calificacion (entrega_id, calificacion, evaluador_id) VALUES (274, 69.07, 82);
INSERT INTO calificacion (entrega_id, calificacion, evaluador_id) VALUES (275, 79.47, 61);
INSERT INTO calificacion (entrega_id, calificacion, evaluador_id) VALUES (276, 96.75, 75);
INSERT INTO calificacion (entrega_id, calificacion, evaluador_id) VALUES (277, 89.84, 75);
INSERT INTO calificacion (entrega_id, calificacion, evaluador_id) VALUES (278, 74.3, 42);
INSERT INTO calificacion (entrega_id, calificacion, evaluador_id) VALUES (279, 74.43, 43);
INSERT INTO calificacion (entrega_id, calificacion, evaluador_id) VALUES (280, 99.99, 91);
INSERT INTO calificacion (entrega_id, calificacion, evaluador_id) VALUES (281, 67.29, 24);
INSERT INTO calificacion (entrega_id, calificacion, evaluador_id) VALUES (282, 78.4, 34);
INSERT INTO calificacion (entrega_id, calificacion, evaluador_id) VALUES (283, 64.31, 10);
INSERT INTO calificacion (entrega_id, calificacion, evaluador_id) VALUES (284, 96.38, 59);
INSERT INTO calificacion (entrega_id, calificacion, evaluador_id) VALUES (285, 68.67, 31);
INSERT INTO calificacion (entrega_id, calificacion, evaluador_id) VALUES (286, 69.5, 70);
INSERT INTO calificacion (entrega_id, calificacion, evaluador_id) VALUES (287, 88.48, 43);
INSERT INTO calificacion (entrega_id, calificacion, evaluador_id) VALUES (288, 66.03, 31);
INSERT INTO calificacion (entrega_id, calificacion, evaluador_id) VALUES (289, 72.75, 76);
INSERT INTO calificacion (entrega_id, calificacion, evaluador_id) VALUES (290, 81.4, 80);
INSERT INTO calificacion (entrega_id, calificacion, evaluador_id) VALUES (291, 63.47, 7);
INSERT INTO calificacion (entrega_id, calificacion, evaluador_id) VALUES (292, 98.55, 46);
INSERT INTO calificacion (entrega_id, calificacion, evaluador_id) VALUES (293, 66.97, 72);
INSERT INTO calificacion (entrega_id, calificacion, evaluador_id) VALUES (294, 72.67, 34);
INSERT INTO calificacion (entrega_id, calificacion, evaluador_id) VALUES (295, 62.52, 34);
INSERT INTO calificacion (entrega_id, calificacion, evaluador_id) VALUES (296, 78.37, 70);
INSERT INTO calificacion (entrega_id, calificacion, evaluador_id) VALUES (297, 87.88, 63);
INSERT INTO calificacion (entrega_id, calificacion, evaluador_id) VALUES (298, 88.19, 70);
INSERT INTO calificacion (entrega_id, calificacion, evaluador_id) VALUES (299, 96.85, 91);
INSERT INTO calificacion (entrega_id, calificacion, evaluador_id) VALUES (300, 77.96, 12);
INSERT INTO calificacion (entrega_id, calificacion, evaluador_id) VALUES (301, 78.11, 63);
INSERT INTO calificacion (entrega_id, calificacion, evaluador_id) VALUES (302, 98.02, 43);
INSERT INTO calificacion (entrega_id, calificacion, evaluador_id) VALUES (303, 73.62, 46);
INSERT INTO calificacion (entrega_id, calificacion, evaluador_id) VALUES (304, 83.05, 10);
INSERT INTO calificacion (entrega_id, calificacion, evaluador_id) VALUES (305, 69.92, 91);
INSERT INTO calificacion (entrega_id, calificacion, evaluador_id) VALUES (306, 71.73, 100);
INSERT INTO calificacion (entrega_id, calificacion, evaluador_id) VALUES (307, 97.16, 43);
INSERT INTO calificacion (entrega_id, calificacion, evaluador_id) VALUES (308, 88.46, 29);
INSERT INTO calificacion (entrega_id, calificacion, evaluador_id) VALUES (309, 94.2, 79);
INSERT INTO calificacion (entrega_id, calificacion, evaluador_id) VALUES (310, 70.37, 25);
INSERT INTO calificacion (entrega_id, calificacion, evaluador_id) VALUES (311, 71.62, 82);
INSERT INTO calificacion (entrega_id, calificacion, evaluador_id) VALUES (312, 72.31, 45);
INSERT INTO calificacion (entrega_id, calificacion, evaluador_id) VALUES (313, 90.21, 45);
INSERT INTO calificacion (entrega_id, calificacion, evaluador_id) VALUES (314, 73.26, 10);
INSERT INTO calificacion (entrega_id, calificacion, evaluador_id) VALUES (315, 84.81, 84);
INSERT INTO calificacion (entrega_id, calificacion, evaluador_id) VALUES (316, 70.7, 91);
INSERT INTO calificacion (entrega_id, calificacion, evaluador_id) VALUES (317, 90.52, 25);
INSERT INTO calificacion (entrega_id, calificacion, evaluador_id) VALUES (318, 65.37, 59);
INSERT INTO calificacion (entrega_id, calificacion, evaluador_id) VALUES (319, 83.8, 76);
INSERT INTO calificacion (entrega_id, calificacion, evaluador_id) VALUES (320, 94.45, 10);
INSERT INTO calificacion (entrega_id, calificacion, evaluador_id) VALUES (321, 96.34, 63);
INSERT INTO calificacion (entrega_id, calificacion, evaluador_id) VALUES (322, 62.77, 29);
INSERT INTO calificacion (entrega_id, calificacion, evaluador_id) VALUES (323, 94.52, 63);
INSERT INTO calificacion (entrega_id, calificacion, evaluador_id) VALUES (324, 80.15, 37);
INSERT INTO calificacion (entrega_id, calificacion, evaluador_id) VALUES (325, 77.83, 37);
INSERT INTO calificacion (entrega_id, calificacion, evaluador_id) VALUES (326, 87.77, 34);
INSERT INTO calificacion (entrega_id, calificacion, evaluador_id) VALUES (327, 89.86, 60);
INSERT INTO calificacion (entrega_id, calificacion, evaluador_id) VALUES (328, 79.36, 72);
INSERT INTO calificacion (entrega_id, calificacion, evaluador_id) VALUES (329, 74.53, 43);
INSERT INTO calificacion (entrega_id, calificacion, evaluador_id) VALUES (330, 64.24, 70);
INSERT INTO calificacion (entrega_id, calificacion, evaluador_id) VALUES (331, 60.31, 15);
INSERT INTO calificacion (entrega_id, calificacion, evaluador_id) VALUES (332, 64.8, 10);
INSERT INTO calificacion (entrega_id, calificacion, evaluador_id) VALUES (333, 80.34, 39);
INSERT INTO calificacion (entrega_id, calificacion, evaluador_id) VALUES (334, 74.6, 15);
INSERT INTO calificacion (entrega_id, calificacion, evaluador_id) VALUES (335, 77.13, 42);
INSERT INTO calificacion (entrega_id, calificacion, evaluador_id) VALUES (336, 88.11, 75);
INSERT INTO calificacion (entrega_id, calificacion, evaluador_id) VALUES (337, 78.24, 25);
INSERT INTO calificacion (entrega_id, calificacion, evaluador_id) VALUES (338, 65.38, 46);
INSERT INTO calificacion (entrega_id, calificacion, evaluador_id) VALUES (339, 83.82, 100);
INSERT INTO calificacion (entrega_id, calificacion, evaluador_id) VALUES (340, 94.12, 45);
INSERT INTO calificacion (entrega_id, calificacion, evaluador_id) VALUES (341, 69.87, 7);
INSERT INTO calificacion (entrega_id, calificacion, evaluador_id) VALUES (342, 63.68, 70);
INSERT INTO calificacion (entrega_id, calificacion, evaluador_id) VALUES (343, 93.79, 12);
INSERT INTO calificacion (entrega_id, calificacion, evaluador_id) VALUES (344, 77.35, 42);
INSERT INTO calificacion (entrega_id, calificacion, evaluador_id) VALUES (345, 92.19, 43);
INSERT INTO calificacion (entrega_id, calificacion, evaluador_id) VALUES (346, 87.81, 68);
INSERT INTO calificacion (entrega_id, calificacion, evaluador_id) VALUES (347, 68.12, 34);
INSERT INTO calificacion (entrega_id, calificacion, evaluador_id) VALUES (348, 96.99, 34);
INSERT INTO calificacion (entrega_id, calificacion, evaluador_id) VALUES (349, 81.27, 15);
INSERT INTO calificacion (entrega_id, calificacion, evaluador_id) VALUES (350, 84.16, 100);
INSERT INTO calificacion (entrega_id, calificacion, evaluador_id) VALUES (351, 90.7, 45);
INSERT INTO calificacion (entrega_id, calificacion, evaluador_id) VALUES (352, 82.98, 11);
INSERT INTO calificacion (entrega_id, calificacion, evaluador_id) VALUES (353, 78.72, 34);
INSERT INTO calificacion (entrega_id, calificacion, evaluador_id) VALUES (354, 96.02, 15);
INSERT INTO calificacion (entrega_id, calificacion, evaluador_id) VALUES (355, 63.93, 80);
INSERT INTO calificacion (entrega_id, calificacion, evaluador_id) VALUES (356, 62.59, 70);
INSERT INTO calificacion (entrega_id, calificacion, evaluador_id) VALUES (357, 99.89, 91);
INSERT INTO calificacion (entrega_id, calificacion, evaluador_id) VALUES (358, 83.42, 80);
INSERT INTO calificacion (entrega_id, calificacion, evaluador_id) VALUES (359, 82.55, 68);
INSERT INTO calificacion (entrega_id, calificacion, evaluador_id) VALUES (360, 86.39, 42);
INSERT INTO calificacion (entrega_id, calificacion, evaluador_id) VALUES (361, 79.53, 31);
INSERT INTO calificacion (entrega_id, calificacion, evaluador_id) VALUES (362, 97.24, 15);
INSERT INTO calificacion (entrega_id, calificacion, evaluador_id) VALUES (363, 85.76, 37);
INSERT INTO calificacion (entrega_id, calificacion, evaluador_id) VALUES (364, 62.68, 10);
INSERT INTO calificacion (entrega_id, calificacion, evaluador_id) VALUES (365, 94.71, 84);
INSERT INTO calificacion (entrega_id, calificacion, evaluador_id) VALUES (366, 96.92, 46);
INSERT INTO calificacion (entrega_id, calificacion, evaluador_id) VALUES (367, 95.84, 72);
INSERT INTO calificacion (entrega_id, calificacion, evaluador_id) VALUES (368, 96.98, 82);
INSERT INTO calificacion (entrega_id, calificacion, evaluador_id) VALUES (369, 94.27, 29);
INSERT INTO calificacion (entrega_id, calificacion, evaluador_id) VALUES (370, 63.63, 45);
INSERT INTO calificacion (entrega_id, calificacion, evaluador_id) VALUES (371, 71.93, 12);
INSERT INTO calificacion (entrega_id, calificacion, evaluador_id) VALUES (372, 90.99, 79);
INSERT INTO calificacion (entrega_id, calificacion, evaluador_id) VALUES (373, 93.7, 10);
INSERT INTO calificacion (entrega_id, calificacion, evaluador_id) VALUES (374, 93.06, 91);
INSERT INTO calificacion (entrega_id, calificacion, evaluador_id) VALUES (375, 95.04, 43);

--Comentarios
INSERT INTO comentario (curso_id, usuario_id, contenido) VALUES (1, 53, 'Neque ipsam quibusdam saepe ut.');
INSERT INTO comentario (curso_id, usuario_id, contenido) VALUES (1, 19, 'Fuga mollitia amet dignissimos nisi.');
INSERT INTO comentario (curso_id, usuario_id, contenido) VALUES (2, 12, 'Maxime omnis quibusdam molestias illo.');
INSERT INTO comentario (curso_id, usuario_id, contenido) VALUES (2, 72, 'In eius unde beatae fugiat.');
INSERT INTO comentario (curso_id, usuario_id, contenido) VALUES (3, 98, 'Placeat doloremque eos dolores perspiciatis quos doloribus.');
INSERT INTO comentario (curso_id, usuario_id, contenido) VALUES (3, 8, 'Iusto dolorum laboriosam quae.');
INSERT INTO comentario (curso_id, usuario_id, contenido) VALUES (4, 19, 'Reiciendis tenetur laboriosam assumenda rerum quaerat quasi.');
INSERT INTO comentario (curso_id, usuario_id, contenido) VALUES (4, 88, 'Suscipit at eos distinctio unde ducimus quaerat.');
INSERT INTO comentario (curso_id, usuario_id, contenido) VALUES (5, 5, 'Voluptatibus rerum dolore.');
INSERT INTO comentario (curso_id, usuario_id, contenido) VALUES (5, 36, 'Perferendis quasi cum cupiditate maxime quasi illo.');
INSERT INTO comentario (curso_id, usuario_id, contenido) VALUES (6, 9, 'Deserunt veniam esse.');
INSERT INTO comentario (curso_id, usuario_id, contenido) VALUES (6, 61, 'Debitis repellendus facere quia cumque.');
INSERT INTO comentario (curso_id, usuario_id, contenido) VALUES (7, 97, 'Ad ipsum cum corrupti dolores atque impedit.');
INSERT INTO comentario (curso_id, usuario_id, contenido) VALUES (7, 6, 'Nostrum architecto quidem.');
INSERT INTO comentario (curso_id, usuario_id, contenido) VALUES (8, 38, 'Sequi eius nostrum ea modi voluptatem dolorum.');
INSERT INTO comentario (curso_id, usuario_id, contenido) VALUES (8, 58, 'Tempora possimus debitis omnis laborum corporis possimus.');
INSERT INTO comentario (curso_id, usuario_id, contenido) VALUES (9, 39, 'Natus in minus laboriosam odio.');
INSERT INTO comentario (curso_id, usuario_id, contenido) VALUES (9, 79, 'Aliquam in harum quasi exercitationem omnis.');
INSERT INTO comentario (curso_id, usuario_id, contenido) VALUES (10, 54, 'Vel vero facere voluptatibus nesciunt inventore.');
INSERT INTO comentario (curso_id, usuario_id, contenido) VALUES (10, 81, 'Sapiente consectetur quis sunt officiis ea ut dolore.');
INSERT INTO comentario (curso_id, usuario_id, contenido) VALUES (11, 35, 'Maxime nesciunt sed aliquid iste ratione iure.');
INSERT INTO comentario (curso_id, usuario_id, contenido) VALUES (11, 61, 'Ipsa sit vero deserunt officia ullam.');
INSERT INTO comentario (curso_id, usuario_id, contenido) VALUES (12, 39, 'Quasi excepturi magni sequi doloribus autem commodi.');
INSERT INTO comentario (curso_id, usuario_id, contenido) VALUES (12, 27, 'Maiores similique atque laboriosam.');
INSERT INTO comentario (curso_id, usuario_id, contenido) VALUES (13, 50, 'Nulla ea ut velit qui sapiente error.');
INSERT INTO comentario (curso_id, usuario_id, contenido) VALUES (13, 82, 'Nihil quod veniam maiores quaerat iste.');
INSERT INTO comentario (curso_id, usuario_id, contenido) VALUES (14, 11, 'Necessitatibus praesentium veniam id aliquam assumenda numquam rem.');
INSERT INTO comentario (curso_id, usuario_id, contenido) VALUES (14, 86, 'Ad delectus cum.');
INSERT INTO comentario (curso_id, usuario_id, contenido) VALUES (15, 80, 'Esse recusandae totam sapiente.');
INSERT INTO comentario (curso_id, usuario_id, contenido) VALUES (15, 36, 'Ullam recusandae assumenda occaecati laudantium.');
INSERT INTO comentario (curso_id, usuario_id, contenido) VALUES (16, 58, 'Sit provident odio excepturi quae.');
INSERT INTO comentario (curso_id, usuario_id, contenido) VALUES (16, 70, 'Porro nulla earum explicabo officiis possimus.');
INSERT INTO comentario (curso_id, usuario_id, contenido) VALUES (17, 79, 'Consequatur sapiente numquam tempore.');
INSERT INTO comentario (curso_id, usuario_id, contenido) VALUES (17, 98, 'Inventore iste vel ducimus.');
INSERT INTO comentario (curso_id, usuario_id, contenido) VALUES (18, 39, 'Dicta quod voluptatibus quam cum.');
INSERT INTO comentario (curso_id, usuario_id, contenido) VALUES (18, 28, 'Natus at ad dignissimos molestiae.');
INSERT INTO comentario (curso_id, usuario_id, contenido) VALUES (19, 55, 'Dolore consequatur architecto facilis.');
INSERT INTO comentario (curso_id, usuario_id, contenido) VALUES (19, 100, 'Earum non asperiores omnis magnam saepe doloremque.');
INSERT INTO comentario (curso_id, usuario_id, contenido) VALUES (20, 63, 'Amet delectus eos quasi ipsa earum.');
INSERT INTO comentario (curso_id, usuario_id, contenido) VALUES (20, 88, 'Cum hic ea.');
INSERT INTO comentario (curso_id, usuario_id, contenido) VALUES (21, 73, 'Eius sapiente aliquam esse qui.');
INSERT INTO comentario (curso_id, usuario_id, contenido) VALUES (21, 63, 'Placeat nesciunt aperiam aliquam.');
INSERT INTO comentario (curso_id, usuario_id, contenido) VALUES (22, 13, 'Laborum enim doloribus adipisci molestiae debitis.');
INSERT INTO comentario (curso_id, usuario_id, contenido) VALUES (22, 95, 'Perspiciatis aliquam voluptates molestias unde soluta.');
INSERT INTO comentario (curso_id, usuario_id, contenido) VALUES (23, 18, 'Dignissimos aliquam laboriosam ratione id quam.');
INSERT INTO comentario (curso_id, usuario_id, contenido) VALUES (23, 67, 'Minima quam quibusdam quaerat.');
INSERT INTO comentario (curso_id, usuario_id, contenido) VALUES (24, 39, 'Dolore fugit cumque sunt corrupti.');
INSERT INTO comentario (curso_id, usuario_id, contenido) VALUES (24, 87, 'Temporibus eum nesciunt quia.');
INSERT INTO comentario (curso_id, usuario_id, contenido) VALUES (25, 57, 'Vero eum voluptatum illum.');
INSERT INTO comentario (curso_id, usuario_id, contenido) VALUES (25, 56, 'Rerum voluptate quos nesciunt.');
INSERT INTO comentario (curso_id, usuario_id, contenido) VALUES (26, 69, 'Nostrum odit sequi recusandae.');
INSERT INTO comentario (curso_id, usuario_id, contenido) VALUES (26, 5, 'Quae natus tempora voluptates nostrum.');
INSERT INTO comentario (curso_id, usuario_id, contenido) VALUES (27, 42, 'Quo quisquam doloremque et repellendus fuga alias blanditiis.');
INSERT INTO comentario (curso_id, usuario_id, contenido) VALUES (27, 98, 'Voluptatem nam iste laboriosam sint nisi quae.');
INSERT INTO comentario (curso_id, usuario_id, contenido) VALUES (28, 26, 'Nisi consequatur omnis.');
INSERT INTO comentario (curso_id, usuario_id, contenido) VALUES (28, 54, 'Sequi porro non illum expedita.');
INSERT INTO comentario (curso_id, usuario_id, contenido) VALUES (29, 33, 'Soluta expedita nobis.');
INSERT INTO comentario (curso_id, usuario_id, contenido) VALUES (29, 96, 'Architecto temporibus voluptatibus temporibus magnam.');
INSERT INTO comentario (curso_id, usuario_id, contenido) VALUES (30, 20, 'Ducimus laudantium optio voluptatem.');
INSERT INTO comentario (curso_id, usuario_id, contenido) VALUES (30, 30, 'Sint beatae enim fuga veniam dolor iste provident.');
INSERT INTO comentario (curso_id, usuario_id, contenido) VALUES (31, 24, 'Ullam corporis non assumenda minus atque aperiam.');
INSERT INTO comentario (curso_id, usuario_id, contenido) VALUES (31, 91, 'Alias voluptatem ipsum voluptate.');
INSERT INTO comentario (curso_id, usuario_id, contenido) VALUES (32, 50, 'Porro rem laboriosam sequi.');
INSERT INTO comentario (curso_id, usuario_id, contenido) VALUES (32, 69, 'Et praesentium eveniet eum.');

--Certificados
INSERT INTO certificado (id, usuario_id, curso_id, descripcion) VALUES (1, 1, 27, 'Esse in culpa nihil.');
INSERT INTO certificado (id, usuario_id, curso_id, descripcion) VALUES (2, 16, 28, 'Possimus odit numquam optio illo reiciendis.');
INSERT INTO certificado (id, usuario_id, curso_id, descripcion) VALUES (3, 17, 23, 'Eaque fuga reiciendis accusamus.');
INSERT INTO certificado (id, usuario_id, curso_id, descripcion) VALUES (4, 22, 31, 'Reprehenderit dolores maxime quod architecto non laudantium.');
INSERT INTO certificado (id, usuario_id, curso_id, descripcion) VALUES (5, 23, 10, 'Ullam repellat hic molestias vitae.');
INSERT INTO certificado (id, usuario_id, curso_id, descripcion) VALUES (6, 25, 2, 'In magni totam libero ad.');
INSERT INTO certificado (id, usuario_id, curso_id, descripcion) VALUES (7, 26, 26, 'Quis omnis possimus odio ut sapiente.');
INSERT INTO certificado (id, usuario_id, curso_id, descripcion) VALUES (8, 30, 24, 'Reiciendis facilis ea velit dolores alias eos.');
INSERT INTO certificado (id, usuario_id, curso_id, descripcion) VALUES (9, 31, 22, 'Fugit voluptate reprehenderit id eveniet dicta.');
INSERT INTO certificado (id, usuario_id, curso_id, descripcion) VALUES (10, 32, 28, 'Magnam explicabo ducimus possimus.');
INSERT INTO certificado (id, usuario_id, curso_id, descripcion) VALUES (11, 33, 29, 'Quo provident non sunt unde enim.');
INSERT INTO certificado (id, usuario_id, curso_id, descripcion) VALUES (12, 41, 19, 'Minima dolor maxime qui laboriosam cum sequi ducimus.');
INSERT INTO certificado (id, usuario_id, curso_id, descripcion) VALUES (13, 42, 9, 'Eveniet amet consequuntur ad.');
INSERT INTO certificado (id, usuario_id, curso_id, descripcion) VALUES (14, 48, 22, 'Illo laborum tempore a dignissimos consectetur vero maiores.');
INSERT INTO certificado (id, usuario_id, curso_id, descripcion) VALUES (15, 49, 15, 'Debitis iste beatae similique corrupti aspernatur itaque.');
INSERT INTO certificado (id, usuario_id, curso_id, descripcion) VALUES (16, 51, 8, 'Soluta velit excepturi voluptas laborum modi.');
INSERT INTO certificado (id, usuario_id, curso_id, descripcion) VALUES (17, 53, 28, 'Ex dolores dolorum itaque.');
INSERT INTO certificado (id, usuario_id, curso_id, descripcion) VALUES (18, 54, 24, 'Et fuga porro tenetur officiis.');
INSERT INTO certificado (id, usuario_id, curso_id, descripcion) VALUES (19, 55, 21, 'Magni fuga atque quo vel eveniet.');
INSERT INTO certificado (id, usuario_id, curso_id, descripcion) VALUES (20, 61, 23, 'Cupiditate possimus iste debitis.');
INSERT INTO certificado (id, usuario_id, curso_id, descripcion) VALUES (21, 62, 25, 'Cupiditate aperiam atque delectus.');
INSERT INTO certificado (id, usuario_id, curso_id, descripcion) VALUES (22, 66, 27, 'Nesciunt eum pariatur vel.');
INSERT INTO certificado (id, usuario_id, curso_id, descripcion) VALUES (23, 76, 17, 'Ipsam modi ullam inventore et eaque exercitationem.');
INSERT INTO certificado (id, usuario_id, curso_id, descripcion) VALUES (24, 81, 29, 'Velit fuga ut nemo accusamus non.');
INSERT INTO certificado (id, usuario_id, curso_id, descripcion) VALUES (25, 83, 14, 'Dolore commodi eveniet harum quae nisi.');
INSERT INTO certificado (id, usuario_id, curso_id, descripcion) VALUES (26, 86, 21, 'Qui pariatur corrupti quasi.');
INSERT INTO certificado (id, usuario_id, curso_id, descripcion) VALUES (27, 88, 30, 'Sequi aliquam nisi accusamus aut dicta.');
INSERT INTO certificado (id, usuario_id, curso_id, descripcion) VALUES (28, 97, 32, 'Occaecati mollitia mollitia.');
INSERT INTO certificado (id, usuario_id, curso_id, descripcion) VALUES (29, 99, 12, 'Hic eveniet enim facilis totam quasi.');