INSERT INTO refugio (id, nombre, direccion, telefono) VALUES (1, 'Refugio Esperanza Animal', 'Avenida de Sergio Rovira 88
Barcelona, 53734', '+34 954 07 80 33');
INSERT INTO refugio (id, nombre, direccion, telefono) VALUES (2, 'Hogar Patitas', 'C. de Ana Belén Palomares 86
Tarragona, 20236', '+34747 92 38 30');
INSERT INTO refugio (id, nombre, direccion, telefono) VALUES (3, 'Santuario de Mascotas', 'Urbanización Julia Artigas 58 Apt. 89 
Cáceres, 19515', '+34938 70 74 02');
INSERT INTO refugio (id, nombre, direccion, telefono) VALUES (4, 'Centro de Rescate Animal Bolivia', 'Calle de Elisa Campoy 38 Puerta 0 
Sevilla, 68429', '+34716 79 99 42');
INSERT INTO refugio (id, nombre, direccion, telefono) VALUES (5, 'Refugio Mi Mejor Amigo', 'Callejón de Marcela Muñoz 79 Apt. 81 
Jaén, 19317', '+34 707826594');
INSERT INTO animal (id, nombre, especie, raza, fecha_ingreso, fecha_adopcion, estado, id_refugio) VALUES (1, 'Simba', 'ave', 'Perico', '2023-11-12', '2024-07-31', 'adoptado', 4);
INSERT INTO animal (id, nombre, especie, raza, fecha_ingreso, fecha_adopcion, estado, id_refugio) VALUES (2, 'Nina', 'perro', 'Poodle', '2023-09-07', NULL, 'vacunado', 5);
INSERT INTO animal (id, nombre, especie, raza, fecha_ingreso, fecha_adopcion, estado, id_refugio) VALUES (3, 'Simba', 'gato', 'Maine Coon', '2023-10-16', NULL, 'vacunado', 5);
INSERT INTO animal (id, nombre, especie, raza, fecha_ingreso, fecha_adopcion, estado, id_refugio) VALUES (4, 'Chispa', 'ave', 'Perico', '2024-04-22', '2024-06-22', 'adoptado', 5);
INSERT INTO animal (id, nombre, especie, raza, fecha_ingreso, fecha_adopcion, estado, id_refugio) VALUES (5, 'Simba', 'ave', 'Loro', '2024-02-15', '2025-02-04', 'adoptado', 2);
INSERT INTO animal (id, nombre, especie, raza, fecha_ingreso, fecha_adopcion, estado, id_refugio) VALUES (6, 'Chispa', 'ave', 'Loro', '2024-01-13', '2024-07-09', 'adoptado', 5);
INSERT INTO animal (id, nombre, especie, raza, fecha_ingreso, fecha_adopcion, estado, id_refugio) VALUES (7, 'Nina', 'perro', 'Labrador', '2023-08-01', '2024-08-13', 'adoptado', 2);
INSERT INTO animal (id, nombre, especie, raza, fecha_ingreso, fecha_adopcion, estado, id_refugio) VALUES (8, 'Maya', 'gato', 'Sphynx', '2024-02-12', NULL, 'en tratamiento', 2);
INSERT INTO animal (id, nombre, especie, raza, fecha_ingreso, fecha_adopcion, estado, id_refugio) VALUES (9, 'Maya', 'conejo', 'Holland Lop', '2023-11-23', NULL, 'en refugio', 3);
INSERT INTO animal (id, nombre, especie, raza, fecha_ingreso, fecha_adopcion, estado, id_refugio) VALUES (10, 'Simba', 'perro', 'Pastor Alemán', '2024-04-06', '2024-10-28', 'adoptado', 3);
INSERT INTO animal (id, nombre, especie, raza, fecha_ingreso, fecha_adopcion, estado, id_refugio) VALUES (11, 'Coco', 'ave', 'Cacatúa', '2023-11-06', '2025-04-25', 'adoptado', 5);
INSERT INTO animal (id, nombre, especie, raza, fecha_ingreso, fecha_adopcion, estado, id_refugio) VALUES (12, 'Max', 'gato', 'Sphynx', '2024-02-14', '2024-03-17', 'adoptado', 3);
INSERT INTO animal (id, nombre, especie, raza, fecha_ingreso, fecha_adopcion, estado, id_refugio) VALUES (13, 'Leo', 'perro', 'Beagle', '2024-01-23', NULL, 'vacunado', 3);
INSERT INTO animal (id, nombre, especie, raza, fecha_ingreso, fecha_adopcion, estado, id_refugio) VALUES (14, 'Chispa', 'ave', 'Loro', '2023-09-22', NULL, 'vacunado', 1);
INSERT INTO animal (id, nombre, especie, raza, fecha_ingreso, fecha_adopcion, estado, id_refugio) VALUES (15, 'Coco', 'conejo', 'Holland Lop', '2023-07-24', '2025-04-14', 'adoptado', 4);
INSERT INTO animal (id, nombre, especie, raza, fecha_ingreso, fecha_adopcion, estado, id_refugio) VALUES (16, 'Nina', 'ave', 'Cacatúa', '2023-07-20', NULL, 'en tratamiento', 3);
INSERT INTO animal (id, nombre, especie, raza, fecha_ingreso, fecha_adopcion, estado, id_refugio) VALUES (17, 'Simba', 'ave', 'Cacatúa', '2023-10-05', '2024-05-25', 'adoptado', 1);
INSERT INTO animal (id, nombre, especie, raza, fecha_ingreso, fecha_adopcion, estado, id_refugio) VALUES (18, 'Luna', 'perro', 'Labrador', '2024-04-18', NULL, 'vacunado', 2);
INSERT INTO animal (id, nombre, especie, raza, fecha_ingreso, fecha_adopcion, estado, id_refugio) VALUES (19, 'Max', 'ave', 'Loro', '2024-05-22', NULL, 'en refugio', 5);
INSERT INTO animal (id, nombre, especie, raza, fecha_ingreso, fecha_adopcion, estado, id_refugio) VALUES (20, 'Luna', 'gato', 'Persa', '2023-11-01', NULL, 'en refugio', 2);
INSERT INTO animal (id, nombre, especie, raza, fecha_ingreso, fecha_adopcion, estado, id_refugio) VALUES (21, 'Milo', 'conejo', 'Rex', '2024-01-07', NULL, 'en tratamiento', 1);
INSERT INTO animal (id, nombre, especie, raza, fecha_ingreso, fecha_adopcion, estado, id_refugio) VALUES (22, 'Leo', 'gato', 'Sphynx', '2024-07-01', NULL, 'en tratamiento', 1);
INSERT INTO animal (id, nombre, especie, raza, fecha_ingreso, fecha_adopcion, estado, id_refugio) VALUES (23, 'Simba', 'ave', 'Perico', '2024-01-26', '2024-05-15', 'adoptado', 4);
INSERT INTO animal (id, nombre, especie, raza, fecha_ingreso, fecha_adopcion, estado, id_refugio) VALUES (24, 'Toby', 'conejo', 'Rex', '2023-08-31', '2024-08-19', 'adoptado', 2);
INSERT INTO animal (id, nombre, especie, raza, fecha_ingreso, fecha_adopcion, estado, id_refugio) VALUES (25, 'Leo', 'gato', 'Sphynx', '2023-08-05', '2024-08-25', 'adoptado', 3);
INSERT INTO animal (id, nombre, especie, raza, fecha_ingreso, fecha_adopcion, estado, id_refugio) VALUES (26, 'Coco', 'gato', 'Maine Coon', '2023-08-12', NULL, 'en tratamiento', 4);
INSERT INTO animal (id, nombre, especie, raza, fecha_ingreso, fecha_adopcion, estado, id_refugio) VALUES (27, 'Toby', 'gato', 'Maine Coon', '2023-11-27', NULL, 'en tratamiento', 5);
INSERT INTO animal (id, nombre, especie, raza, fecha_ingreso, fecha_adopcion, estado, id_refugio) VALUES (28, 'Nina', 'gato', 'Maine Coon', '2023-09-09', NULL, 'en tratamiento', 1);
INSERT INTO animal (id, nombre, especie, raza, fecha_ingreso, fecha_adopcion, estado, id_refugio) VALUES (29, 'Milo', 'ave', 'Loro', '2023-08-19', NULL, 'vacunado', 1);
INSERT INTO animal (id, nombre, especie, raza, fecha_ingreso, fecha_adopcion, estado, id_refugio) VALUES (30, 'Nina', 'gato', 'Persa', '2023-07-22', NULL, 'en tratamiento', 2);
INSERT INTO adoptante (id, nombre, ci, telefono, direccion) VALUES (1, 'Sebastian Calderón-Prada', '23657728', '+34 681 39 95 49', 'Cuesta de Belén Fajardo 72
Huelva, 97107');
INSERT INTO adoptante (id, nombre, ci, telefono, direccion) VALUES (2, 'Esperanza Carnero Coloma', '77667050', '+34714256869', 'Callejón de Jose Ignacio Castells 51 Apt. 73 
Toledo, 70880');
INSERT INTO adoptante (id, nombre, ci, telefono, direccion) VALUES (3, 'Teófilo del Larrañaga', '55510290', '+34 740315761', 'Avenida de Azucena Garay 30 Puerta 2 
Huelva, 84999');
INSERT INTO adoptante (id, nombre, ci, telefono, direccion) VALUES (4, 'Santiago Nicolás Ramis', '14795932', '+34 734 90 79 75', 'Pasadizo de Juanito Cal 7
Baleares, 94489');
INSERT INTO adoptante (id, nombre, ci, telefono, direccion) VALUES (5, 'Roberto Sala Cobos', '21542406', '+34 687 32 78 87', 'Plaza de Camilo Osorio 200
Valencia, 24785');
INSERT INTO adoptante (id, nombre, ci, telefono, direccion) VALUES (6, 'Alcides Lorenzo Gilabert', '40887004', '+34 742 18 87 45', 'Paseo de Duilio Belda 406
Lugo, 39781');
INSERT INTO adoptante (id, nombre, ci, telefono, direccion) VALUES (7, 'Buenaventura Oliva Miguel', '58921182', '+34734900623', 'Avenida Serafina Vicens 1 Apt. 46 
Valladolid, 99855');
INSERT INTO adoptante (id, nombre, ci, telefono, direccion) VALUES (8, 'Filomena Úrsula Vázquez Acedo', '97531272', '+34717856273', 'Alameda Evita Fortuny 77 Apt. 85 
Cantabria, 44096');
INSERT INTO adoptante (id, nombre, ci, telefono, direccion) VALUES (9, 'Juan Carlos Aguilar Cervera', '377512', '+34741083134', 'Vial de Luis Guillen 32 Apt. 34 
Zamora, 95667');
INSERT INTO adoptante (id, nombre, ci, telefono, direccion) VALUES (10, 'Isabel Carro-Alcázar', '5149767', '+34 931 78 00 35', 'Cañada Marc Pinto 35 Apt. 01 
Cantabria, 15014');
INSERT INTO adoptante (id, nombre, ci, telefono, direccion) VALUES (11, 'Felipe Toro Bustos', '83469930', '+34 728 281 251', 'Camino Demetrio Menendez 64 Puerta 5 
Palencia, 83383');
INSERT INTO adoptante (id, nombre, ci, telefono, direccion) VALUES (12, 'Celestino del Laguna', '92982491', '+34 712545026', 'Paseo de Gaspar Pérez 20 Apt. 54 
Tarragona, 82407');
INSERT INTO adoptante (id, nombre, ci, telefono, direccion) VALUES (13, 'Felisa Arroyo Coello', '44097760', '+34736 48 43 53', 'Urbanización de Rosalina Barranco 67 Puerta 6 
Guipúzcoa, 51748');
INSERT INTO adoptante (id, nombre, ci, telefono, direccion) VALUES (14, 'Estela Vall Portero', '51241298', '+34710754018', 'Plaza Azeneth Pla 4 Puerta 0 
Ceuta, 07059');
INSERT INTO adoptante (id, nombre, ci, telefono, direccion) VALUES (15, 'Seve Barreda Amores', '73692329', '+34 716 345 765', 'Via Nacio Barrios 848
Barcelona, 74840');
INSERT INTO adoptante (id, nombre, ci, telefono, direccion) VALUES (16, 'Bonifacio del Hervás', '62620357', '+34 939631640', 'Paseo Armando Cerro 5
La Coruña, 24476');
INSERT INTO adoptante (id, nombre, ci, telefono, direccion) VALUES (17, 'Eusebia Sarabia', '90126484', '+34939598347', 'Vial de Herminio Martinez 33
Navarra, 24287');
INSERT INTO adoptante (id, nombre, ci, telefono, direccion) VALUES (18, 'Luisa Muro Mur', '1100295', '+34 878279762', 'Pasadizo de Dan Morell 77
Lleida, 03336');
INSERT INTO adoptante (id, nombre, ci, telefono, direccion) VALUES (19, 'Rodrigo Florentino Puerta Solano', '45774236', '+34 960722569', 'Pasadizo Encarnación Hernandez 86 Puerta 9 
Pontevedra, 84749');
INSERT INTO adoptante (id, nombre, ci, telefono, direccion) VALUES (20, 'Albina Marin Lerma', '28898969', '+34701 171 737', 'Callejón de Celso Cañellas 76 Piso 4 
Guipúzcoa, 02187');
INSERT INTO adopcion (id, id_animal, id_adoptante, fecha_adopcion) VALUES (1, 1, 15, '2024-10-02');
INSERT INTO adopcion (id, id_animal, id_adoptante, fecha_adopcion) VALUES (2, 4, 2, '2025-06-18');
INSERT INTO adopcion (id, id_animal, id_adoptante, fecha_adopcion) VALUES (3, 5, 11, '2024-08-16');
INSERT INTO adopcion (id, id_animal, id_adoptante, fecha_adopcion) VALUES (4, 6, 18, '2025-04-05');
INSERT INTO adopcion (id, id_animal, id_adoptante, fecha_adopcion) VALUES (5, 7, 7, '2025-02-07');
INSERT INTO adopcion (id, id_animal, id_adoptante, fecha_adopcion) VALUES (6, 10, 9, '2024-11-07');
INSERT INTO adopcion (id, id_animal, id_adoptante, fecha_adopcion) VALUES (7, 11, 17, '2025-07-08');
INSERT INTO adopcion (id, id_animal, id_adoptante, fecha_adopcion) VALUES (8, 12, 19, '2024-08-31');
INSERT INTO adopcion (id, id_animal, id_adoptante, fecha_adopcion) VALUES (9, 15, 13, '2024-11-30');
INSERT INTO adopcion (id, id_animal, id_adoptante, fecha_adopcion) VALUES (10, 17, 14, '2025-06-19');
INSERT INTO adopcion (id, id_animal, id_adoptante, fecha_adopcion) VALUES (11, 23, 16, '2024-11-17');
INSERT INTO adopcion (id, id_animal, id_adoptante, fecha_adopcion) VALUES (12, 24, 2, '2024-10-07');
INSERT INTO adopcion (id, id_animal, id_adoptante, fecha_adopcion) VALUES (13, 25, 5, '2025-03-01');
INSERT INTO enfermedad (id, nombre, descripcion) VALUES (1, 'Sarna', 'Laborum eum odio sunt maiores ratione.');
INSERT INTO enfermedad (id, nombre, descripcion) VALUES (2, 'Moquillo', 'Excepturi maxime repellat sit praesentium.');
INSERT INTO enfermedad (id, nombre, descripcion) VALUES (3, 'Parvovirus', 'Ipsam unde nihil ipsum soluta pariatur velit.');
INSERT INTO enfermedad (id, nombre, descripcion) VALUES (4, 'Otitis', 'Provident fugit ut impedit.');
INSERT INTO enfermedad (id, nombre, descripcion) VALUES (5, 'Gastroenteritis', 'Consectetur odio sed quam quis nulla magnam.');
INSERT INTO animal_enfermedad (id, id_animal, id_enfermedad, fecha_diagnostico, observaciones) VALUES (1, 29, 4, '2024-10-27', 'Laudantium est similique voluptatibus vel distinctio cum.');
INSERT INTO animal_enfermedad (id, id_animal, id_enfermedad, fecha_diagnostico, observaciones) VALUES (2, 21, 5, '2024-08-03', 'Sint cupiditate inventore quo perspiciatis repellat quaerat iste.');
INSERT INTO animal_enfermedad (id, id_animal, id_enfermedad, fecha_diagnostico, observaciones) VALUES (3, 16, 2, '2024-07-24', 'Asperiores vero quo maiores tempore deleniti.');
INSERT INTO animal_enfermedad (id, id_animal, id_enfermedad, fecha_diagnostico, observaciones) VALUES (4, 6, 5, '2025-06-26', 'Voluptates nulla aut deleniti deserunt voluptas assumenda.');
INSERT INTO animal_enfermedad (id, id_animal, id_enfermedad, fecha_diagnostico, observaciones) VALUES (5, 17, 1, '2024-12-31', 'Odit nobis explicabo consectetur soluta minus magni.');
INSERT INTO animal_enfermedad (id, id_animal, id_enfermedad, fecha_diagnostico, observaciones) VALUES (6, 12, 3, '2025-06-02', 'Voluptatibus illum fugit provident similique culpa.');
INSERT INTO animal_enfermedad (id, id_animal, id_enfermedad, fecha_diagnostico, observaciones) VALUES (7, 14, 3, '2024-11-25', 'Dolor id id voluptate deleniti odio veritatis.');
INSERT INTO animal_enfermedad (id, id_animal, id_enfermedad, fecha_diagnostico, observaciones) VALUES (8, 7, 4, '2024-07-21', 'Consequatur et voluptatum deserunt.');
INSERT INTO animal_enfermedad (id, id_animal, id_enfermedad, fecha_diagnostico, observaciones) VALUES (9, 3, 3, '2025-01-21', 'Inventore enim quas qui ratione libero.');
INSERT INTO animal_enfermedad (id, id_animal, id_enfermedad, fecha_diagnostico, observaciones) VALUES (10, 25, 2, '2024-08-12', 'Perferendis aliquam ratione rerum quos cumque expedita.');
INSERT INTO animal_enfermedad (id, id_animal, id_enfermedad, fecha_diagnostico, observaciones) VALUES (11, 1, 2, '2025-01-18', 'Doloremque eum accusamus nesciunt asperiores corporis error quam.');
INSERT INTO animal_enfermedad (id, id_animal, id_enfermedad, fecha_diagnostico, observaciones) VALUES (12, 26, 3, '2024-10-18', 'Quos modi accusamus architecto ab accusamus.');
INSERT INTO animal_enfermedad (id, id_animal, id_enfermedad, fecha_diagnostico, observaciones) VALUES (13, 29, 5, '2025-06-11', 'Nihil ipsum quasi non.');
INSERT INTO animal_enfermedad (id, id_animal, id_enfermedad, fecha_diagnostico, observaciones) VALUES (14, 9, 1, '2024-07-24', 'Debitis sint alias repudiandae ipsam.');
INSERT INTO animal_enfermedad (id, id_animal, id_enfermedad, fecha_diagnostico, observaciones) VALUES (15, 10, 3, '2025-06-05', 'Laboriosam suscipit voluptatibus illum.');
INSERT INTO vacuna (id, nombre, descripcion) VALUES (1, 'Rabia', 'Odio id fuga nihil.');
INSERT INTO vacuna (id, nombre, descripcion) VALUES (2, 'Triple Felina', 'Nulla repellat rerum voluptatum odit quo ipsa.');
INSERT INTO vacuna (id, nombre, descripcion) VALUES (3, 'Parvovirus', 'Nulla sunt nihil eaque aut corrupti nam.');
INSERT INTO vacuna (id, nombre, descripcion) VALUES (4, 'Moquillo', 'Et temporibus cupiditate vero.');
INSERT INTO vacuna (id, nombre, descripcion) VALUES (5, 'Leptospirosis', 'Provident qui deserunt sunt rerum vel.');
INSERT INTO animal_vacuna (id, id_animal, id_vacuna, fecha_aplicacion, dosis) VALUES (1, 21, 1, '2025-02-05', '0.5ml');
INSERT INTO animal_vacuna (id, id_animal, id_vacuna, fecha_aplicacion, dosis) VALUES (2, 9, 3, '2024-11-25', '1ml');
INSERT INTO animal_vacuna (id, id_animal, id_vacuna, fecha_aplicacion, dosis) VALUES (3, 4, 5, '2024-10-03', '0.5ml');
INSERT INTO animal_vacuna (id, id_animal, id_vacuna, fecha_aplicacion, dosis) VALUES (4, 10, 1, '2025-05-30', '2ml');
INSERT INTO animal_vacuna (id, id_animal, id_vacuna, fecha_aplicacion, dosis) VALUES (5, 14, 3, '2025-04-28', '2ml');
INSERT INTO animal_vacuna (id, id_animal, id_vacuna, fecha_aplicacion, dosis) VALUES (6, 25, 2, '2024-09-15', '2ml');
INSERT INTO animal_vacuna (id, id_animal, id_vacuna, fecha_aplicacion, dosis) VALUES (7, 2, 3, '2025-06-25', '2ml');
INSERT INTO animal_vacuna (id, id_animal, id_vacuna, fecha_aplicacion, dosis) VALUES (8, 18, 4, '2025-06-01', '0.5ml');
INSERT INTO animal_vacuna (id, id_animal, id_vacuna, fecha_aplicacion, dosis) VALUES (9, 25, 4, '2024-12-28', '2ml');
INSERT INTO animal_vacuna (id, id_animal, id_vacuna, fecha_aplicacion, dosis) VALUES (10, 1, 2, '2025-05-07', '1ml');
INSERT INTO animal_vacuna (id, id_animal, id_vacuna, fecha_aplicacion, dosis) VALUES (11, 8, 5, '2025-03-16', '1ml');
INSERT INTO animal_vacuna (id, id_animal, id_vacuna, fecha_aplicacion, dosis) VALUES (12, 1, 4, '2025-05-15', '1ml');
INSERT INTO animal_vacuna (id, id_animal, id_vacuna, fecha_aplicacion, dosis) VALUES (13, 3, 1, '2025-06-11', '1ml');
INSERT INTO animal_vacuna (id, id_animal, id_vacuna, fecha_aplicacion, dosis) VALUES (14, 15, 2, '2025-02-10', '2ml');
INSERT INTO animal_vacuna (id, id_animal, id_vacuna, fecha_aplicacion, dosis) VALUES (15, 23, 3, '2025-01-19', '1ml');
INSERT INTO animal_vacuna (id, id_animal, id_vacuna, fecha_aplicacion, dosis) VALUES (16, 12, 4, '2025-02-06', '0.5ml');
INSERT INTO animal_vacuna (id, id_animal, id_vacuna, fecha_aplicacion, dosis) VALUES (17, 20, 2, '2024-08-01', '2ml');
INSERT INTO animal_vacuna (id, id_animal, id_vacuna, fecha_aplicacion, dosis) VALUES (18, 9, 1, '2025-02-06', '0.5ml');
INSERT INTO animal_vacuna (id, id_animal, id_vacuna, fecha_aplicacion, dosis) VALUES (19, 3, 1, '2025-01-14', '2ml');
INSERT INTO animal_vacuna (id, id_animal, id_vacuna, fecha_aplicacion, dosis) VALUES (20, 13, 2, '2024-07-18', '2ml');
INSERT INTO seguimiento (id, id_animal, fecha, descripcion, realizado_por) VALUES (1, 15, '2025-07-14', 'Quidem nostrum aliquid magni.', 'Adalberto Maza Caparrós');
INSERT INTO seguimiento (id, id_animal, fecha, descripcion, realizado_por) VALUES (2, 21, '2025-07-14', 'Delectus iusto quas.', 'Bernardino Criado Torrens');
INSERT INTO seguimiento (id, id_animal, fecha, descripcion, realizado_por) VALUES (3, 30, '2025-07-14', 'Amet perspiciatis repellendus porro doloremque non.', 'Nicolasa Márquez Vendrell');
INSERT INTO seguimiento (id, id_animal, fecha, descripcion, realizado_por) VALUES (4, 3, '2025-07-14', 'Iste officia molestiae quasi fugiat.', 'Wilfredo Pi Flor');
INSERT INTO seguimiento (id, id_animal, fecha, descripcion, realizado_por) VALUES (5, 15, '2025-07-14', 'Amet qui maxime pariatur quas quibusdam asperiores ipsa.', 'Mar Casal');
INSERT INTO seguimiento (id, id_animal, fecha, descripcion, realizado_por) VALUES (6, 22, '2025-07-14', 'Illo consequuntur cumque vero.', 'Cornelio del Sevillano');
INSERT INTO seguimiento (id, id_animal, fecha, descripcion, realizado_por) VALUES (7, 12, '2025-07-14', 'Veritatis ipsa similique.', 'Anita Yolanda Gámez Roldán');
INSERT INTO seguimiento (id, id_animal, fecha, descripcion, realizado_por) VALUES (8, 16, '2025-07-14', 'Possimus ex pariatur quod temporibus.', 'Elena Gálvez');
INSERT INTO seguimiento (id, id_animal, fecha, descripcion, realizado_por) VALUES (9, 23, '2025-07-14', 'Harum nobis consequatur rerum tenetur necessitatibus adipisci.', 'Angelina del Zabaleta');
INSERT INTO seguimiento (id, id_animal, fecha, descripcion, realizado_por) VALUES (10, 16, '2025-07-14', 'Vel voluptatem enim quae vel deserunt.', 'Victoriano Tomás Ruiz');
INSERT INTO seguimiento (id, id_animal, fecha, descripcion, realizado_por) VALUES (11, 30, '2025-07-14', 'Occaecati nihil tenetur commodi.', 'Luisina Valenzuela González');
INSERT INTO seguimiento (id, id_animal, fecha, descripcion, realizado_por) VALUES (12, 3, '2025-07-14', 'Pariatur laudantium aperiam illo at reiciendis sit.', 'Leonel Aliaga-Palacio');
INSERT INTO seguimiento (id, id_animal, fecha, descripcion, realizado_por) VALUES (13, 21, '2025-07-14', 'Quidem nam dolore.', 'Modesta Bermúdez Manzano');
INSERT INTO seguimiento (id, id_animal, fecha, descripcion, realizado_por) VALUES (14, 23, '2025-07-14', 'Tempore ipsam at sunt.', 'Nando Barberá Carbajo');
INSERT INTO seguimiento (id, id_animal, fecha, descripcion, realizado_por) VALUES (15, 1, '2025-07-14', 'Dolor sunt magni minima possimus sit hic non.', 'Araceli Olivé Saez');
INSERT INTO seguimiento (id, id_animal, fecha, descripcion, realizado_por) VALUES (16, 4, '2025-07-14', 'Sapiente ducimus veniam delectus earum enim.', 'Aitor Aller Cabañas');
INSERT INTO seguimiento (id, id_animal, fecha, descripcion, realizado_por) VALUES (17, 26, '2025-07-14', 'Dignissimos facilis debitis ratione autem quas tempore.', 'Florencio Mas-Cabello');
INSERT INTO seguimiento (id, id_animal, fecha, descripcion, realizado_por) VALUES (18, 12, '2025-07-14', 'Magni temporibus laboriosam hic earum reprehenderit sequi cum.', 'Teobaldo Barriga');
INSERT INTO seguimiento (id, id_animal, fecha, descripcion, realizado_por) VALUES (19, 20, '2025-07-14', 'In animi soluta natus.', 'Adalberto Martinez Aller');
INSERT INTO seguimiento (id, id_animal, fecha, descripcion, realizado_por) VALUES (20, 17, '2025-07-14', 'Incidunt dolores praesentium laboriosam harum dolorem eveniet.', 'Juan Pablo Amando Salgado Barrios');
INSERT INTO reporte (id, id_animal, tipo, descripcion, fecha_reporte) VALUES (1, 10, 'extravio', 'Officiis ad unde dolore.', '2025-07-14');
INSERT INTO reporte (id, id_animal, tipo, descripcion, fecha_reporte) VALUES (2, 6, 'maltrato', 'Quaerat optio repudiandae esse reprehenderit sequi.', '2025-07-14');
INSERT INTO reporte (id, id_animal, tipo, descripcion, fecha_reporte) VALUES (3, 10, 'extravio', 'Adipisci explicabo vel consequatur ad quam blanditiis.', '2025-07-14');
INSERT INTO reporte (id, id_animal, tipo, descripcion, fecha_reporte) VALUES (4, 22, 'extravio', 'Voluptatibus sed dolorum facilis.', '2025-07-14');
INSERT INTO reporte (id, id_animal, tipo, descripcion, fecha_reporte) VALUES (5, 27, 'problema de salud', 'Nisi vel consequatur quas beatae ad.', '2025-07-14');
INSERT INTO reporte (id, id_animal, tipo, descripcion, fecha_reporte) VALUES (6, 7, 'extravio', 'Perferendis recusandae aliquid esse dolore minima aspernatur.', '2025-07-14');
INSERT INTO reporte (id, id_animal, tipo, descripcion, fecha_reporte) VALUES (7, 25, 'problema de salud', 'Dicta porro cupiditate nam modi.', '2025-07-14');
INSERT INTO reporte (id, id_animal, tipo, descripcion, fecha_reporte) VALUES (8, 21, 'maltrato', 'Sint aperiam quia quidem dolorem accusantium.', '2025-07-14');
INSERT INTO reporte (id, id_animal, tipo, descripcion, fecha_reporte) VALUES (9, 11, 'problema de salud', 'Corrupti aliquid quam velit praesentium iusto.', '2025-07-14');
INSERT INTO reporte (id, id_animal, tipo, descripcion, fecha_reporte) VALUES (10, 22, 'maltrato', 'Nemo ut assumenda.', '2025-07-14');